number,value,datetime_start,datetime_complete,duration,params_class_weight,params_criterion,params_max_depth,params_max_features,params_min_samples_leaf,params_min_samples_split,params_n_estimators,state
0,0.6743226932023162,2025-01-08 21:06:53.319609,2025-01-08 21:07:33.807340,0 days 00:00:40.487731,balanced,entropy,249,log2,72,22,5849,COMPLETE
1,0.6290720091756167,2025-01-08 21:06:53.319609,2025-01-08 21:07:47.606167,0 days 00:00:54.286558,,entropy,803,log2,92,380,8218,COMPLETE
2,0.6045156089288368,2025-01-08 21:06:53.335293,2025-01-08 21:07:25.174670,0 days 00:00:31.839377,,gini,296,sqrt,175,189,1920,COMPLETE
3,0.6240957367870231,2025-01-08 21:06:53.335293,2025-01-08 21:07:34.815164,0 days 00:00:41.479871,,gini,475,sqrt,104,453,6426,COMPLETE
4,0.6214062299945151,2025-01-08 21:06:53.335293,2025-01-08 21:07:13.693878,0 days 00:00:20.358585,balanced,gini,873,sqrt,451,659,3713,COMPLETE
5,0.5758423396556499,2025-01-08 21:06:53.339327,2025-01-08 21:07:04.005105,0 days 00:00:10.665778,,gini,364,log2,319,998,1898,COMPLETE
6,0.5719279877839089,2025-01-08 21:06:53.341718,2025-01-08 21:08:28.513916,0 days 00:01:35.172198,,gini,651,sqrt,391,293,6271,COMPLETE
7,0.6297341011273048,2025-01-08 21:06:53.341718,2025-01-08 21:07:15.562014,0 days 00:00:22.220296,,entropy,942,log2,98,249,3239,COMPLETE
8,0.6724115036688514,2025-01-08 21:06:53.341718,2025-01-08 21:08:38.456390,0 days 00:01:45.114672,balanced,entropy,679,,31,764,6485,COMPLETE
9,0.6568882048328929,2025-01-08 21:06:53.341718,2025-01-08 21:07:34.643145,0 days 00:00:41.301427,balanced,entropy,991,sqrt,188,475,1173,COMPLETE
10,0.660968982940452,2025-01-08 21:06:53.341718,2025-01-08 21:08:25.222149,0 days 00:01:31.880431,balanced,gini,478,sqrt,162,47,8725,COMPLETE
11,0.6280834268754271,2025-01-08 21:06:53.351010,2025-01-08 21:09:07.394334,0 days 00:02:14.043324,balanced,gini,67,,407,106,6712,COMPLETE
12,0.6755323723966975,2025-01-08 21:06:53.351010,2025-01-08 21:08:30.703543,0 days 00:01:37.352533,balanced,entropy,929,log2,37,463,2104,COMPLETE
13,0.6251608806061926,2025-01-08 21:06:53.351010,2025-01-08 21:08:47.945431,0 days 00:01:54.594421,balanced,gini,266,sqrt,405,542,6505,COMPLETE
14,0.6447691137493078,2025-01-08 21:06:53.351010,2025-01-08 21:08:50.054264,0 days 00:01:56.703254,,gini,361,sqrt,36,233,6674,COMPLETE
15,0.6560025016416552,2025-01-08 21:06:53.351010,2025-01-08 21:08:25.077149,0 days 00:01:31.726139,balanced,entropy,650,log2,195,287,8843,COMPLETE
16,0.6212963820388229,2025-01-08 21:06:53.351010,2025-01-08 21:07:33.855343,0 days 00:00:40.504333,balanced,gini,270,sqrt,450,175,3813,COMPLETE
17,0.6382132294901244,2025-01-08 21:06:53.359753,2025-01-08 21:08:23.432764,0 days 00:01:30.073011,balanced,gini,211,log2,310,193,9450,COMPLETE
18,0.5941002496537355,2025-01-08 21:06:53.361759,2025-01-08 21:07:24.049311,0 days 00:00:30.687552,,entropy,179,sqrt,201,677,1835,COMPLETE
19,0.6256114295462222,2025-01-08 21:06:53.363763,2025-01-08 21:07:50.834080,0 days 00:00:57.470317,balanced,entropy,642,sqrt,407,239,4699,COMPLETE
20,0.6194412417252337,2025-01-08 21:06:53.363763,2025-01-08 21:08:22.498419,0 days 00:01:29.134656,balanced,entropy,67,sqrt,499,721,2477,COMPLETE
21,0.5833587323754511,2025-01-08 21:06:53.363763,2025-01-08 21:07:33.003291,0 days 00:00:39.639528,,entropy,888,sqrt,289,440,33,COMPLETE
22,0.5932022069711747,2025-01-08 21:06:53.363763,2025-01-08 21:08:36.733036,0 days 00:01:43.369273,,gini,544,sqrt,209,719,9061,COMPLETE
23,0.6564578520030273,2025-01-08 21:06:53.365768,2025-01-08 21:08:30.015914,0 days 00:01:36.650146,balanced,entropy,233,,231,58,3007,COMPLETE
24,0.5702904451656047,2025-01-08 21:06:53.365768,2025-01-08 21:08:17.771454,0 days 00:01:24.405686,,entropy,51,log2,442,238,6234,COMPLETE
25,0.6604458826395833,2025-01-08 21:06:53.366773,2025-01-08 21:08:19.289002,0 days 00:01:25.922229,balanced,gini,27,,202,701,2382,COMPLETE
26,0.5840997370262512,2025-01-08 21:06:53.366773,2025-01-08 21:07:46.880154,0 days 00:00:53.513381,,entropy,233,log2,284,709,2303,COMPLETE
27,0.5918373246830441,2025-01-08 21:06:53.366773,2025-01-08 21:08:24.206765,0 days 00:01:30.839992,,gini,640,sqrt,231,638,7109,COMPLETE
28,0.6046922807405501,2025-01-08 21:07:04.007112,2025-01-08 21:08:47.287428,0 days 00:01:43.280316,,gini,129,sqrt,159,697,5208,COMPLETE
29,0.6508830176860595,2025-01-08 21:07:13.697890,2025-01-08 21:08:36.045254,0 days 00:01:22.347364,balanced,entropy,86,log2,207,790,2933,COMPLETE
30,0.5744891711794772,2025-01-08 21:07:15.566027,2025-01-08 21:08:45.943281,0 days 00:01:30.377254,,entropy,980,sqrt,353,267,4208,COMPLETE
31,0.6502716930702573,2025-01-08 21:07:24.051317,2025-01-08 21:09:11.230145,0 days 00:01:47.178828,balanced,entropy,633,sqrt,232,392,8497,COMPLETE
32,0.5946175824729812,2025-01-08 21:07:25.178682,2025-01-08 21:08:56.408881,0 days 00:01:31.230199,,gini,448,log2,218,182,5541,COMPLETE
33,0.6301875025239033,2025-01-08 21:07:33.007302,2025-01-08 21:10:18.338190,0 days 00:02:45.330888,,entropy,886,,193,71,8287,COMPLETE
34,0.6288657246184298,2025-01-08 21:07:33.811339,2025-01-08 21:09:14.523732,0 days 00:01:40.712393,balanced,entropy,396,log2,386,153,7824,COMPLETE
35,0.5764181770795211,2025-01-08 21:07:33.861341,2025-01-08 21:09:16.814597,0 days 00:01:42.953256,,gini,914,sqrt,337,94,7718,COMPLETE
36,0.6709579715380185,2025-01-08 21:07:34.646145,2025-01-08 21:09:09.370246,0 days 00:01:34.724101,balanced,entropy,825,sqrt,105,171,3780,COMPLETE
37,0.6854606289055885,2025-01-08 21:07:34.818164,2025-01-08 21:11:51.662959,0 days 00:04:16.844795,balanced,entropy,628,,10,99,9315,COMPLETE
38,0.6838139036698844,2025-01-08 21:07:46.884155,2025-01-08 21:11:44.499441,0 days 00:03:57.615286,balanced,entropy,663,,25,6,9069,COMPLETE
39,0.6820125527955682,2025-01-08 21:07:47.610166,2025-01-08 21:10:37.472264,0 days 00:02:49.862098,balanced,entropy,659,,28,91,5885,COMPLETE
40,0.692203359661533,2025-01-08 21:07:50.838080,2025-01-08 21:11:22.184611,0 days 00:03:31.346531,balanced,entropy,54,,7,45,6537,COMPLETE
41,0.683338716242504,2025-01-08 21:08:17.775455,2025-01-08 21:12:08.799034,0 days 00:03:51.023579,balanced,entropy,687,,21,86,9635,COMPLETE
42,0.6806784707829486,2025-01-08 21:08:19.293002,2025-01-08 21:11:51.216958,0 days 00:03:31.923956,balanced,gini,31,,38,26,8989,COMPLETE
43,0.6621654035199405,2025-01-08 21:08:22.502420,2025-01-08 21:10:18.463701,0 days 00:01:55.961281,balanced,gini,5,,2,33,6079,COMPLETE
44,0.6734887142042978,2025-01-08 21:08:23.436764,2025-01-08 21:10:35.517800,0 days 00:02:12.081036,balanced,gini,37,,21,920,5847,COMPLETE
45,0.6797834065827463,2025-01-08 21:08:24.210765,2025-01-08 21:11:45.575070,0 days 00:03:21.364305,balanced,gini,31,,55,14,5256,COMPLETE
46,0.6892025223653246,2025-01-08 21:08:25.080148,2025-01-08 21:12:08.131925,0 days 00:03:43.051777,balanced,gini,23,,7,59,5171,COMPLETE
47,0.6876993383988442,2025-01-08 21:08:25.225148,2025-01-08 21:13:10.939809,0 days 00:04:45.714661,balanced,gini,467,,15,17,7650,COMPLETE
48,0.6817849771343361,2025-01-08 21:08:28.516914,2025-01-08 21:12:07.825087,0 days 00:03:39.308173,balanced,gini,450,,31,19,4905,COMPLETE
49,0.6807332596845943,2025-01-08 21:08:30.019916,2025-01-08 21:12:51.679634,0 days 00:04:21.659718,balanced,gini,425,,36,67,5011,COMPLETE
50,0.681613981414143,2025-01-08 21:08:30.707544,2025-01-08 21:13:17.729510,0 days 00:04:47.021966,balanced,entropy,464,,29,16,5219,COMPLETE
51,0.6841823891304287,2025-01-08 21:08:36.050254,2025-01-08 21:13:18.879145,0 days 00:04:42.828891,balanced,entropy,452,,12,116,4945,COMPLETE
52,0.6930179181773712,2025-01-08 21:08:36.737038,2025-01-08 21:13:55.558792,0 days 00:05:18.821754,balanced,entropy,423,,4,7,4776,COMPLETE
53,0.6713619339928041,2025-01-08 21:08:38.460391,2025-01-08 21:12:57.178711,0 days 00:04:18.718320,balanced,entropy,769,,17,910,4969,COMPLETE
54,0.6764786228384736,2025-01-08 21:08:45.945280,2025-01-08 21:13:25.261071,0 days 00:04:39.315791,balanced,entropy,771,,1,565,5380,COMPLETE
55,0.6745992454069555,2025-01-08 21:08:47.289429,2025-01-08 21:13:54.112422,0 days 00:05:06.822993,balanced,entropy,780,,23,556,7337,COMPLETE
56,0.6719579859480556,2025-01-08 21:08:47.949430,2025-01-08 21:13:52.493124,0 days 00:05:04.543694,balanced,entropy,742,,1,911,7651,COMPLETE
57,0.6719603954536763,2025-01-08 21:08:50.060264,2025-01-08 21:13:54.895421,0 days 00:05:04.835157,balanced,entropy,776,,2,915,7567,COMPLETE
58,0.6811656554158189,2025-01-08 21:08:56.410882,2025-01-08 21:15:21.848933,0 days 00:06:25.438051,balanced,entropy,725,,32,15,7791,COMPLETE
59,0.6908483247786291,2025-01-08 21:09:07.400334,2025-01-08 21:15:57.277473,0 days 00:06:49.877139,balanced,entropy,772,,8,32,7863,COMPLETE
60,0.677637606076467,2025-01-08 21:09:09.372247,2025-01-08 21:15:12.643630,0 days 00:06:03.271383,balanced,entropy,768,,13,380,7577,COMPLETE
61,0.6718235862259135,2025-01-08 21:09:11.232146,2025-01-08 21:15:05.860791,0 days 00:05:54.628645,balanced,entropy,747,,4,946,7986,COMPLETE
62,0.6861456615625897,2025-01-08 21:09:14.525733,2025-01-08 21:15:15.120614,0 days 00:06:00.594881,balanced,entropy,769,,18,6,5447,COMPLETE
63,0.67184206779528,2025-01-08 21:09:16.816598,2025-01-08 21:15:07.308548,0 days 00:05:50.491950,balanced,entropy,774,,9,895,5735,COMPLETE
64,0.6841113467043817,2025-01-08 21:10:18.340192,2025-01-08 21:15:47.553389,0 days 00:05:29.213197,balanced,entropy,797,,21,7,5739,COMPLETE
65,0.6735752231345512,2025-01-08 21:10:18.465701,2025-01-08 21:14:51.494316,0 days 00:04:33.028615,balanced,entropy,791,,54,555,4202,COMPLETE
66,0.6700618758298514,2025-01-08 21:10:35.522799,2025-01-08 21:15:07.764851,0 days 00:04:32.242052,balanced,entropy,738,,56,943,5639,COMPLETE
67,0.6697538998669567,2025-01-08 21:10:37.474263,2025-01-08 21:16:01.257968,0 days 00:05:23.783705,balanced,entropy,752,,65,993,5621,COMPLETE
68,0.6706360451258506,2025-01-08 21:11:22.186611,2025-01-08 21:16:09.336743,0 days 00:04:47.150132,balanced,entropy,778,,64,889,5647,COMPLETE
69,0.6793872579465589,2025-01-08 21:11:44.501441,2025-01-08 21:16:28.146036,0 days 00:04:43.644595,balanced,entropy,751,,64,18,5103,COMPLETE
70,0.6798996563505922,2025-01-08 21:11:45.580071,2025-01-08 21:16:24.738721,0 days 00:04:39.158650,balanced,entropy,792,,55,3,4678,COMPLETE
71,0.6793103652667436,2025-01-08 21:11:51.218961,2025-01-08 21:17:47.434001,0 days 00:05:56.215040,balanced,entropy,146,,69,3,9620,COMPLETE
72,0.6791179388692387,2025-01-08 21:11:51.664958,2025-01-08 21:17:48.324935,0 days 00:05:56.659977,balanced,entropy,560,,74,126,9747,COMPLETE
73,0.679407263394605,2025-01-08 21:12:07.827084,2025-01-08 21:17:56.764592,0 days 00:05:48.937508,balanced,entropy,725,,75,130,9992,COMPLETE
74,0.679111198007996,2025-01-08 21:12:08.133926,2025-01-08 21:18:20.511979,0 days 00:06:12.378053,balanced,entropy,724,,74,127,9698,COMPLETE
75,0.6791423499273294,2025-01-08 21:12:08.801034,2025-01-08 21:18:25.365611,0 days 00:06:16.564577,balanced,entropy,755,,82,120,9708,COMPLETE
76,0.6788020740016659,2025-01-08 21:12:51.681635,2025-01-08 21:18:27.745958,0 days 00:05:36.064323,balanced,entropy,714,,80,131,9329,COMPLETE
77,0.6791874529266259,2025-01-08 21:12:57.180711,2025-01-08 21:18:42.949691,0 days 00:05:45.768980,balanced,entropy,557,,78,131,9894,COMPLETE
78,0.6791385210587592,2025-01-08 21:13:10.941809,2025-01-08 21:18:57.901506,0 days 00:05:46.959697,balanced,entropy,710,,84,126,9598,COMPLETE
79,0.6790539117650858,2025-01-08 21:13:17.731510,2025-01-08 21:19:07.914112,0 days 00:05:50.182602,balanced,entropy,573,,80,126,9954,COMPLETE
80,0.6788924978056842,2025-01-08 21:13:18.881147,2025-01-08 21:19:42.021769,0 days 00:06:23.140622,balanced,entropy,583,,76,135,7255,COMPLETE
81,0.6793328537719843,2025-01-08 21:13:25.263071,2025-01-08 21:20:31.919765,0 days 00:07:06.656694,balanced,entropy,531,,74,130,9921,COMPLETE
82,0.6789803433645186,2025-01-08 21:13:52.495124,2025-01-08 21:19:51.917319,0 days 00:05:59.422195,balanced,entropy,554,,77,120,7321,COMPLETE
83,0.6801194904227086,2025-01-08 21:13:54.114421,2025-01-08 21:20:44.026646,0 days 00:06:49.912225,balanced,entropy,539,,62,128,9918,COMPLETE
84,0.6789722038081817,2025-01-08 21:13:54.897423,2025-01-08 21:21:00.206206,0 days 00:07:05.308783,balanced,entropy,545,,82,130,9842,COMPLETE
85,0.6791854059627441,2025-01-08 21:13:55.560791,2025-01-08 21:19:38.416565,0 days 00:05:42.855774,balanced,entropy,537,,80,136,4418,COMPLETE
86,0.6784946380055157,2025-01-08 21:14:51.497317,2025-01-08 21:20:28.097102,0 days 00:05:36.599785,balanced,entropy,517,,86,120,6921,COMPLETE
87,0.6759044405611782,2025-01-08 21:15:05.862791,2025-01-08 21:20:30.500197,0 days 00:05:24.637406,balanced,entropy,530,,115,128,7040,COMPLETE
88,0.6790491663666103,2025-01-08 21:15:07.310549,2025-01-08 21:21:41.661939,0 days 00:06:34.351390,balanced,entropy,583,,83,141,9955,COMPLETE
89,0.6787170981054045,2025-01-08 21:15:07.766851,2025-01-08 21:22:12.481068,0 days 00:07:04.714217,balanced,entropy,580,,81,122,9849,COMPLETE
90,0.6793380379853092,2025-01-08 21:15:12.645629,2025-01-08 21:22:11.998477,0 days 00:06:59.352848,balanced,entropy,556,,73,131,9355,COMPLETE
91,0.6791933577265704,2025-01-08 21:15:15.123616,2025-01-08 21:21:40.010480,0 days 00:06:24.886864,balanced,entropy,527,,78,123,6915,COMPLETE
92,0.6790584537913739,2025-01-08 21:15:21.850934,2025-01-08 21:22:10.534476,0 days 00:06:48.683542,balanced,entropy,549,,78,122,6851,COMPLETE
93,0.6772012317170105,2025-01-08 21:15:47.556390,2025-01-08 21:22:16.874065,0 days 00:06:29.317675,balanced,gini,530,,84,129,6872,COMPLETE
94,0.6768454546799162,2025-01-08 21:15:57.279473,2025-01-08 21:23:04.447345,0 days 00:07:07.167872,balanced,gini,543,,92,155,9960,COMPLETE
95,0.6774591550770818,2025-01-08 21:16:01.259968,2025-01-08 21:22:33.162462,0 days 00:06:31.902494,balanced,gini,525,,83,141,6849,COMPLETE
96,0.6766429929360221,2025-01-08 21:16:09.338742,2025-01-08 21:22:46.310400,0 days 00:06:36.971658,balanced,gini,566,,96,120,6950,COMPLETE
97,0.6771990160277045,2025-01-08 21:16:24.743722,2025-01-08 21:23:25.912326,0 days 00:07:01.168604,balanced,gini,535,,85,127,7119,COMPLETE
98,0.6770249449721484,2025-01-08 21:16:28.148036,2025-01-08 21:23:27.167326,0 days 00:06:59.019290,balanced,gini,556,,84,129,6897,COMPLETE
99,0.6774943724789603,2025-01-08 21:17:47.435524,2025-01-08 21:23:29.944994,0 days 00:05:42.509470,balanced,gini,572,,83,125,6928,COMPLETE
100,0.6766000706345534,2025-01-08 21:17:48.326935,2025-01-08 21:23:51.116599,0 days 00:06:02.789664,balanced,gini,511,,94,129,6875,COMPLETE
101,0.6733709775215284,2025-01-08 21:17:56.769594,2025-01-08 21:23:53.640942,0 days 00:05:56.871348,balanced,gini,320,,124,54,7121,COMPLETE
102,0.6754252083427693,2025-01-08 21:18:20.513979,2025-01-08 21:23:54.706246,0 days 00:05:34.192267,balanced,gini,309,,116,207,6723,COMPLETE
103,0.675802759778709,2025-01-08 21:18:25.367612,2025-01-08 21:24:10.113196,0 days 00:05:44.745584,balanced,gini,519,,114,60,6978,COMPLETE
104,0.6714607232841706,2025-01-08 21:18:27.747956,2025-01-08 21:24:14.760389,0 days 00:05:47.012433,balanced,gini,318,,145,216,6994,COMPLETE
105,0.6759324985640905,2025-01-08 21:18:42.951691,2025-01-08 21:24:33.991409,0 days 00:05:51.039718,balanced,gini,339,,112,56,6557,COMPLETE
106,0.6770571557521047,2025-01-08 21:18:57.903504,2025-01-08 21:25:06.551973,0 days 00:06:08.648469,balanced,gini,324,,100,56,6804,COMPLETE
107,0.6753432369301028,2025-01-08 21:19:07.918112,2025-01-08 21:25:05.842020,0 days 00:05:57.923908,balanced,gini,514,,118,50,6663,COMPLETE
108,0.6807643452474449,2025-01-08 21:19:38.418562,2025-01-08 21:25:33.193809,0 days 00:05:54.775247,balanced,gini,833,,42,63,6804,COMPLETE
109,0.6734461428720048,2025-01-08 21:19:42.023770,2025-01-08 21:25:27.902366,0 days 00:05:45.878596,balanced,gini,844,,126,53,6847,COMPLETE
110,0.672765031665325,2025-01-08 21:19:51.919319,2025-01-08 21:25:32.295833,0 days 00:05:40.376514,balanced,gini,342,,133,47,7000,COMPLETE
111,0.6728078951571791,2025-01-08 21:20:28.099102,2025-01-08 21:25:30.215558,0 days 00:05:02.116456,balanced,gini,331,,132,51,6563,COMPLETE
112,0.6797084960894408,2025-01-08 21:20:30.505196,2025-01-08 21:24:48.515751,0 days 00:04:18.010555,balanced,gini,607,log2,45,50,6688,COMPLETE
113,0.6801321898064216,2025-01-08 21:20:31.921765,2025-01-08 21:24:56.916450,0 days 00:04:24.994685,balanced,gini,839,log2,44,50,6448,COMPLETE
114,0.6798354482648441,2025-01-08 21:20:44.031646,2025-01-08 21:25:13.261638,0 days 00:04:29.229992,balanced,gini,841,log2,45,50,6531,COMPLETE
115,0.6794935829086222,2025-01-08 21:21:00.211205,2025-01-08 21:25:30.604558,0 days 00:04:30.393353,balanced,gini,821,log2,45,55,6450,COMPLETE
116,0.6797883629579062,2025-01-08 21:21:40.013480,2025-01-08 21:25:35.100888,0 days 00:03:55.087408,balanced,gini,329,log2,45,48,6332,COMPLETE
117,0.6803855202480499,2025-01-08 21:21:41.663940,2025-01-08 21:25:42.853294,0 days 00:04:01.189354,balanced,gini,376,log2,42,58,6350,COMPLETE
118,0.681510332450569,2025-01-08 21:22:10.537476,2025-01-08 21:27:37.931513,0 days 00:05:27.394037,balanced,gini,827,,44,55,8608,COMPLETE
119,0.6794138366869656,2025-01-08 21:22:12.000479,2025-01-08 21:26:08.280471,0 days 00:03:56.279992,balanced,gini,488,log2,46,48,8606,COMPLETE
120,0.680682060196015,2025-01-08 21:22:12.484067,2025-01-08 21:25:59.902499,0 days 00:03:47.418432,balanced,gini,313,log2,43,48,6442,COMPLETE
121,0.6794965377163859,2025-01-08 21:22:16.876065,2025-01-08 21:26:11.858005,0 days 00:03:54.981940,balanced,gini,349,log2,46,50,6322,COMPLETE
122,0.6815926294010487,2025-01-08 21:22:33.164462,2025-01-08 21:28:00.005284,0 days 00:05:26.840822,balanced,gini,329,,44,49,8536,COMPLETE
123,0.6789498396581473,2025-01-08 21:22:46.312400,2025-01-08 21:26:28.921943,0 days 00:03:42.609543,balanced,gini,818,log2,47,48,8240,COMPLETE
124,0.6805188760719734,2025-01-08 21:23:04.449345,2025-01-08 21:26:16.420716,0 days 00:03:11.971371,balanced,gini,817,log2,42,49,6228,COMPLETE
125,0.6490567960820438,2025-01-08 21:23:25.914325,2025-01-08 21:26:37.200324,0 days 00:03:11.285999,,gini,338,log2,44,58,8622,COMPLETE
126,0.649255866512585,2025-01-08 21:23:27.169325,2025-01-08 21:26:27.742942,0 days 00:03:00.573617,,gini,351,log2,44,52,6313,COMPLETE
127,0.6476591467086457,2025-01-08 21:23:29.946992,2025-01-08 21:26:42.578532,0 days 00:03:12.631540,,entropy,818,log2,46,45,6297,COMPLETE
128,0.6801549291547703,2025-01-08 21:23:51.118598,2025-01-08 21:27:08.656954,0 days 00:03:17.538356,balanced,entropy,850,log2,45,58,8665,COMPLETE
129,0.6491374165687908,2025-01-08 21:23:53.642943,2025-01-08 21:26:55.948597,0 days 00:03:02.305654,,entropy,829,log2,43,74,6412,COMPLETE
130,0.6475639233697507,2025-01-08 21:23:54.708246,2025-01-08 21:27:02.146058,0 days 00:03:07.437812,,entropy,843,log2,45,79,6350,COMPLETE
131,0.6495103629213542,2025-01-08 21:24:10.115196,2025-01-08 21:27:23.327802,0 days 00:03:13.212606,,entropy,818,log2,43,89,8673,COMPLETE
132,0.6475447963965868,2025-01-08 21:24:14.763388,2025-01-08 21:27:28.667606,0 days 00:03:13.904218,,entropy,824,log2,46,93,8500,COMPLETE
133,0.664795779074049,2025-01-08 21:24:33.993409,2025-01-08 21:29:05.968410,0 days 00:04:31.975001,,entropy,815,,46,89,8767,COMPLETE
134,0.6489222516451945,2025-01-08 21:24:48.517750,2025-01-08 21:27:43.332023,0 days 00:02:54.814273,,entropy,678,log2,45,85,8848,COMPLETE
135,0.678334337699818,2025-01-08 21:24:56.919448,2025-01-08 21:29:41.180754,0 days 00:04:44.261306,,entropy,685,,14,92,8568,COMPLETE
136,0.67823379181723,2025-01-08 21:25:05.847021,2025-01-08 21:29:48.518899,0 days 00:04:42.671878,,entropy,692,,16,82,8606,COMPLETE
137,0.6755555259427126,2025-01-08 21:25:06.553975,2025-01-08 21:29:50.836707,0 days 00:04:44.282732,,entropy,677,,19,93,8543,COMPLETE
138,0.675893680817708,2025-01-08 21:25:13.266637,2025-01-08 21:29:18.948263,0 days 00:04:05.681626,,entropy,659,,21,85,6062,COMPLETE
139,0.6765503540253298,2025-01-08 21:25:27.907368,2025-01-08 21:29:20.651775,0 days 00:03:52.744407,,entropy,683,,20,84,6046,COMPLETE
140,0.6782408571383433,2025-01-08 21:25:30.217557,2025-01-08 21:30:25.055557,0 days 00:04:54.838000,,entropy,693,,16,79,8795,COMPLETE
141,0.6767330864302505,2025-01-08 21:25:30.606558,2025-01-08 21:29:37.232838,0 days 00:04:06.626280,,entropy,677,,17,93,6089,COMPLETE
142,0.675770200686923,2025-01-08 21:25:32.297835,2025-01-08 21:29:50.221710,0 days 00:04:17.923875,,entropy,685,,22,87,6036,COMPLETE
143,0.6761607164058097,2025-01-08 21:25:33.195809,2025-01-08 21:30:56.763676,0 days 00:05:23.567867,,entropy,676,,19,91,6045,COMPLETE
144,0.683133950311984,2025-01-08 21:25:35.103890,2025-01-08 21:31:03.950884,0 days 00:05:28.846994,balanced,entropy,676,,20,89,5990,COMPLETE
145,0.6749953341202016,2025-01-08 21:25:42.858293,2025-01-08 21:32:01.574923,0 days 00:06:18.716630,,entropy,676,,21,92,8697,COMPLETE
146,0.6751226968890153,2025-01-08 21:25:59.904575,2025-01-08 21:31:21.531785,0 days 00:05:21.627210,,entropy,679,,20,98,6051,COMPLETE
147,0.6757754326655081,2025-01-08 21:26:08.282473,2025-01-08 21:31:31.958420,0 days 00:05:23.675947,,entropy,655,,20,89,6106,COMPLETE
148,0.6825138580094373,2025-01-08 21:26:11.861004,2025-01-08 21:31:12.441703,0 days 00:05:00.580699,balanced,entropy,694,,22,90,4896,COMPLETE
149,0.6752295068813678,2025-01-08 21:26:16.422715,2025-01-08 21:31:31.667167,0 days 00:05:15.244452,,entropy,699,,24,90,5981,COMPLETE
150,0.6754074026937048,2025-01-08 21:26:27.747943,2025-01-08 21:31:18.432505,0 days 00:04:50.684562,,entropy,684,,21,92,4786,COMPLETE
151,0.6764871958617459,2025-01-08 21:26:28.924942,2025-01-08 21:32:07.951050,0 days 00:05:39.026108,,entropy,677,,20,84,6026,COMPLETE
152,0.6826604314508667,2025-01-08 21:26:37.203325,2025-01-08 21:32:19.395470,0 days 00:05:42.192145,balanced,entropy,663,,21,89,4814,COMPLETE
153,0.682967963290675,2025-01-08 21:26:42.583530,2025-01-08 21:32:27.425778,0 days 00:05:44.842248,balanced,entropy,417,,24,88,4810,COMPLETE
154,0.6823388561248244,2025-01-08 21:26:55.950595,2025-01-08 21:33:01.541224,0 days 00:06:05.590629,balanced,entropy,675,,23,92,5949,COMPLETE
155,0.6825459685665702,2025-01-08 21:27:02.148058,2025-01-08 21:32:42.951085,0 days 00:05:40.803027,balanced,entropy,680,,25,85,4807,COMPLETE
156,0.6827760021847359,2025-01-08 21:27:08.660003,2025-01-08 21:33:10.154977,0 days 00:06:01.494974,balanced,entropy,457,,22,91,5915,COMPLETE
157,0.6851792260966082,2025-01-08 21:27:23.329802,2025-01-08 21:32:59.920176,0 days 00:05:36.590374,balanced,entropy,678,,23,26,4769,COMPLETE
158,0.683870973565594,2025-01-08 21:27:28.669606,2025-01-08 21:33:04.303521,0 days 00:05:35.633915,balanced,entropy,667,,25,20,4869,COMPLETE
159,0.6843811392725258,2025-01-08 21:27:37.933513,2025-01-08 21:33:12.699371,0 days 00:05:34.765858,balanced,entropy,673,,25,19,4792,COMPLETE
160,0.6821327861427028,2025-01-08 21:27:43.334023,2025-01-08 21:33:25.236117,0 days 00:05:41.902094,balanced,entropy,447,,27,25,4762,COMPLETE
161,0.6840787432747238,2025-01-08 21:28:00.007290,2025-01-08 21:33:38.423881,0 days 00:05:38.416591,balanced,entropy,454,,25,20,4810,COMPLETE
162,0.6850927702110917,2025-01-08 21:29:05.970411,2025-01-08 21:33:53.571133,0 days 00:04:47.600722,balanced,entropy,451,,23,4,4563,COMPLETE
163,0.6823471255589094,2025-01-08 21:29:18.950264,2025-01-08 21:34:12.888436,0 days 00:04:53.938172,balanced,entropy,459,,29,25,4819,COMPLETE
164,0.6826376060461935,2025-01-08 21:29:20.653775,2025-01-08 21:34:25.679709,0 days 00:05:05.025934,balanced,entropy,437,,27,25,4851,COMPLETE
165,0.6823389035297098,2025-01-08 21:29:37.234839,2025-01-08 21:34:27.589281,0 days 00:04:50.354442,balanced,entropy,453,,29,5,4630,COMPLETE
166,0.6826804277255741,2025-01-08 21:29:41.182236,2025-01-08 21:34:32.467214,0 days 00:04:51.284978,balanced,entropy,422,,28,19,4698,COMPLETE
167,0.6827247393300526,2025-01-08 21:29:48.520903,2025-01-08 21:34:34.809841,0 days 00:04:46.288938,balanced,entropy,452,,29,17,4752,COMPLETE
168,0.6823426958766907,2025-01-08 21:29:50.223715,2025-01-08 21:34:42.958955,0 days 00:04:52.735240,balanced,entropy,435,,29,15,4737,COMPLETE
169,0.6817980074502712,2025-01-08 21:29:50.838710,2025-01-08 21:34:55.410108,0 days 00:05:04.571398,balanced,entropy,444,,30,20,4753,COMPLETE
170,0.6826594358954936,2025-01-08 21:30:25.057563,2025-01-08 21:35:07.699345,0 days 00:04:42.641782,balanced,entropy,430,,28,14,4826,COMPLETE
171,0.6820944476021723,2025-01-08 21:30:56.765681,2025-01-08 21:35:20.715599,0 days 00:04:23.949918,balanced,entropy,443,,29,20,4802,COMPLETE
172,0.6822120289106571,2025-01-08 21:31:03.952889,2025-01-08 21:35:42.020150,0 days 00:04:38.067261,balanced,entropy,437,,29,21,4825,COMPLETE
173,0.6816020954984338,2025-01-08 21:31:12.443707,2025-01-08 21:35:50.024320,0 days 00:04:37.580613,balanced,entropy,451,,31,23,4810,COMPLETE
174,0.6808908461647478,2025-01-08 21:31:18.434510,2025-01-08 21:35:51.500333,0 days 00:04:33.065823,balanced,entropy,421,,30,19,4439,COMPLETE
175,0.6831957190547512,2025-01-08 21:31:21.533789,2025-01-08 21:35:09.894784,0 days 00:03:48.360995,balanced,entropy,419,sqrt,31,18,5353,COMPLETE
176,0.700262007730185,2025-01-08 21:31:31.668267,2025-01-08 21:35:35.684820,0 days 00:04:04.016553,balanced,entropy,431,sqrt,5,3,5506,COMPLETE
177,0.6990434628056797,2025-01-08 21:31:31.960423,2025-01-08 21:35:32.227811,0 days 00:04:00.267388,balanced,entropy,450,sqrt,5,22,5295,COMPLETE
178,0.6773634803884184,2025-01-08 21:32:01.576927,2025-01-08 21:38:06.268062,0 days 00:06:04.691135,balanced,entropy,422,,1,5,5311,COMPLETE
179,0.6990775609472849,2025-01-08 21:32:07.952781,2025-01-08 21:35:52.207855,0 days 00:03:44.255074,balanced,entropy,459,sqrt,5,22,5332,COMPLETE
180,0.6932972204678216,2025-01-08 21:32:19.397475,2025-01-08 21:37:28.189335,0 days 00:05:08.791860,balanced,entropy,631,,5,20,5387,COMPLETE
181,0.6924623723443816,2025-01-08 21:32:27.427783,2025-01-08 21:37:36.259267,0 days 00:05:08.831484,balanced,entropy,628,,5,22,5315,COMPLETE
182,0.6971689283843171,2025-01-08 21:32:42.953089,2025-01-08 21:36:42.130438,0 days 00:03:59.177349,balanced,entropy,415,sqrt,1,6,4435,COMPLETE
183,0.7016899168195266,2025-01-08 21:32:59.922175,2025-01-08 21:36:24.057847,0 days 00:03:24.135672,balanced,entropy,630,sqrt,4,3,4471,COMPLETE
184,0.6965296095696103,2025-01-08 21:33:01.543225,2025-01-08 21:36:20.168231,0 days 00:03:18.625006,balanced,entropy,617,sqrt,7,4,4617,COMPLETE
185,0.6640794729666404,2025-01-08 21:33:04.305521,2025-01-08 21:38:20.212968,0 days 00:05:15.907447,balanced,entropy,440,,1,2,4533,COMPLETE
186,0.7007088469215565,2025-01-08 21:33:10.156977,2025-01-08 21:36:43.834433,0 days 00:03:33.677456,balanced,entropy,427,sqrt,4,24,5414,COMPLETE
187,0.7007956243180559,2025-01-08 21:33:12.701370,2025-01-08 21:36:39.409600,0 days 00:03:26.708230,balanced,entropy,420,sqrt,5,5,4371,COMPLETE
188,0.7051538703308945,2025-01-08 21:33:25.238116,2025-01-08 21:37:34.268995,0 days 00:04:09.030879,balanced,entropy,417,sqrt,2,6,5304,COMPLETE
189,0.7006971604877429,2025-01-08 21:33:38.426880,2025-01-08 21:37:22.353011,0 days 00:03:43.926131,balanced,entropy,393,sqrt,5,12,5416,COMPLETE
190,0.6981337671920937,2025-01-08 21:33:53.573133,2025-01-08 21:37:23.340838,0 days 00:03:29.767705,balanced,entropy,85,sqrt,6,13,4480,COMPLETE
191,0.6722871736097553,2025-01-08 21:34:12.890655,2025-01-08 21:37:59.449351,0 days 00:03:46.558696,balanced,entropy,624,sqrt,1,2,4503,COMPLETE
192,0.6889927007033197,2025-01-08 21:34:25.681709,2025-01-08 21:37:52.412396,0 days 00:03:26.730687,balanced,entropy,631,sqrt,1,4,4392,COMPLETE
193,0.651151031477101,2025-01-08 21:34:27.591340,2025-01-08 21:37:40.436096,0 days 00:03:12.844756,balanced,entropy,6,sqrt,2,340,5434,COMPLETE
194,0.6637392481471401,2025-01-08 21:34:32.469326,2025-01-08 21:39:43.146685,0 days 00:05:10.677359,balanced,entropy,485,,1,2,4109,COMPLETE
195,0.6850606676355183,2025-01-08 21:34:34.811841,2025-01-08 21:40:38.420846,0 days 00:06:03.609005,balanced,entropy,616,,2,4,5371,COMPLETE
196,0.7039692173672089,2025-01-08 21:34:42.961956,2025-01-08 21:38:27.531004,0 days 00:03:44.569048,balanced,entropy,631,sqrt,2,3,4253,COMPLETE
197,0.7016635536305035,2025-01-08 21:34:55.412170,2025-01-08 21:38:34.219790,0 days 00:03:38.807620,balanced,entropy,610,sqrt,4,10,5357,COMPLETE
198,0.7004460254815235,2025-01-08 21:35:07.701399,2025-01-08 21:38:42.001282,0 days 00:03:34.299883,balanced,entropy,623,sqrt,5,2,5380,COMPLETE
199,0.6833579883825589,2025-01-08 21:35:09.896784,2025-01-08 21:39:21.476507,0 days 00:04:11.579723,balanced,entropy,628,sqrt,1,3,5312,COMPLETE
200,0.6929318457657822,2025-01-08 21:35:20.717604,2025-01-08 21:40:51.216662,0 days 00:05:30.499058,balanced,entropy,620,,5,4,5420,COMPLETE
201,0.705026129651957,2025-01-08 21:35:32.229811,2025-01-08 21:39:19.084689,0 days 00:03:46.854878,balanced,entropy,613,sqrt,2,4,5355,COMPLETE
202,0.7024564671534602,2025-01-08 21:35:35.686820,2025-01-08 21:39:10.425527,0 days 00:03:34.738707,balanced,entropy,83,sqrt,4,4,4370,COMPLETE
203,0.7049750341635717,2025-01-08 21:35:42.021672,2025-01-08 21:39:20.528728,0 days 00:03:38.507056,balanced,entropy,479,sqrt,2,7,4179,COMPLETE
204,0.6892915500856486,2025-01-08 21:35:50.026328,2025-01-08 21:39:10.570528,0 days 00:03:20.544200,balanced,entropy,615,sqrt,1,306,5161,COMPLETE
205,0.6869099257336555,2025-01-08 21:35:51.503333,2025-01-08 21:39:19.883989,0 days 00:03:28.380656,balanced,entropy,626,sqrt,3,350,5155,COMPLETE
206,0.697042999678405,2025-01-08 21:35:52.210854,2025-01-08 21:39:48.058864,0 days 00:03:55.848010,balanced,entropy,623,sqrt,6,8,4116,COMPLETE
207,0.689733207341514,2025-01-08 21:36:20.170231,2025-01-08 21:40:11.786613,0 days 00:03:51.616382,balanced,entropy,395,sqrt,1,4,3962,COMPLETE
208,0.7021915821788117,2025-01-08 21:36:24.059846,2025-01-08 21:39:57.272896,0 days 00:03:33.213050,balanced,entropy,632,sqrt,4,2,3959,COMPLETE
209,0.6721139809588849,2025-01-08 21:36:39.412601,2025-01-08 21:40:33.230528,0 days 00:03:53.817927,balanced,entropy,622,sqrt,1,2,4313,COMPLETE
210,0.702632186419061,2025-01-08 21:36:42.132437,2025-01-08 21:40:05.943748,0 days 00:03:23.811311,balanced,entropy,619,sqrt,4,2,4020,COMPLETE
211,0.690376760332208,2025-01-08 21:36:43.836433,2025-01-08 21:40:25.944573,0 days 00:03:42.108140,balanced,entropy,485,sqrt,1,4,4151,COMPLETE
212,0.7039272479616444,2025-01-08 21:37:22.356010,2025-01-08 21:40:25.513573,0 days 00:03:03.157563,balanced,entropy,390,sqrt,3,3,4171,COMPLETE
213,0.6945386482091601,2025-01-08 21:37:23.342839,2025-01-08 21:40:39.966666,0 days 00:03:16.623827,balanced,entropy,83,sqrt,1,5,3919,COMPLETE
214,0.6877217408632544,2025-01-08 21:37:28.191335,2025-01-08 21:40:27.694842,0 days 00:02:59.503507,balanced,entropy,83,sqrt,2,341,4145,COMPLETE
215,0.6980032310688465,2025-01-08 21:37:34.270995,2025-01-08 21:40:59.083211,0 days 00:03:24.812216,balanced,entropy,399,sqrt,4,36,5441,COMPLETE
216,0.7002546576943866,2025-01-08 21:37:36.261266,2025-01-08 21:40:51.566661,0 days 00:03:15.305395,balanced,entropy,89,sqrt,3,36,4046,COMPLETE
217,0.7054277787548914,2025-01-08 21:37:40.438094,2025-01-08 21:41:11.710510,0 days 00:03:31.272416,balanced,entropy,387,sqrt,2,6,4286,COMPLETE
218,0.7064969762610248,2025-01-08 21:37:52.415396,2025-01-08 21:41:19.543245,0 days 00:03:27.127849,balanced,entropy,611,sqrt,2,6,4047,COMPLETE
219,0.6965090208654443,2025-01-08 21:37:59.451353,2025-01-08 21:41:07.628899,0 days 00:03:08.177546,balanced,entropy,86,sqrt,7,2,4232,COMPLETE
220,0.6956529973503885,2025-01-08 21:38:06.270062,2025-01-08 21:41:06.931398,0 days 00:03:00.661336,balanced,entropy,84,sqrt,7,35,3922,COMPLETE
221,0.6942558357030242,2025-01-08 21:38:20.215966,2025-01-08 21:41:15.181140,0 days 00:02:54.965174,balanced,entropy,398,sqrt,9,36,4187,COMPLETE
222,0.6947830531364957,2025-01-08 21:38:27.533003,2025-01-08 21:41:15.690953,0 days 00:02:48.157950,balanced,entropy,86,sqrt,9,36,4007,COMPLETE
223,0.6937306236039893,2025-01-08 21:38:34.221788,2025-01-08 21:41:23.459323,0 days 00:02:49.237535,balanced,entropy,484,sqrt,11,36,4143,COMPLETE
224,0.6952622496199631,2025-01-08 21:38:42.004283,2025-01-08 21:41:28.164324,0 days 00:02:46.160041,balanced,entropy,85,sqrt,9,36,4144,COMPLETE
225,0.6949695010435066,2025-01-08 21:39:10.428527,2025-01-08 21:41:34.647343,0 days 00:02:24.218816,balanced,entropy,69,sqrt,9,36,4058,COMPLETE
226,0.6950689068821073,2025-01-08 21:39:10.572526,2025-01-08 21:41:41.958544,0 days 00:02:31.386018,balanced,entropy,90,sqrt,9,32,4007,COMPLETE
227,0.6948713708957159,2025-01-08 21:39:19.087246,2025-01-08 21:41:42.845100,0 days 00:02:23.757854,balanced,entropy,95,sqrt,9,36,3935,COMPLETE
228,0.6941704783167016,2025-01-08 21:39:19.886573,2025-01-08 21:41:45.420694,0 days 00:02:25.534121,balanced,entropy,90,sqrt,10,35,3992,COMPLETE
229,0.6937379955797883,2025-01-08 21:39:20.530727,2025-01-08 21:41:47.709349,0 days 00:02:27.178622,balanced,entropy,69,sqrt,10,39,4018,COMPLETE
230,0.6941387163322412,2025-01-08 21:39:21.478506,2025-01-08 21:41:50.653995,0 days 00:02:29.175489,balanced,entropy,489,sqrt,9,34,3999,COMPLETE
231,0.6949916609472558,2025-01-08 21:39:43.149391,2025-01-08 21:41:52.066312,0 days 00:02:08.916921,balanced,entropy,93,sqrt,9,37,4052,COMPLETE
232,0.6946176692013997,2025-01-08 21:39:48.060865,2025-01-08 21:41:54.951884,0 days 00:02:06.891019,balanced,entropy,94,sqrt,9,35,3618,COMPLETE
233,0.6942156564007268,2025-01-08 21:39:57.274897,2025-01-08 21:41:59.806088,0 days 00:02:02.531191,balanced,entropy,589,sqrt,10,36,3555,COMPLETE
234,0.6941662749509145,2025-01-08 21:40:05.946748,2025-01-08 21:42:04.019085,0 days 00:01:58.072337,balanced,entropy,380,sqrt,10,36,4020,COMPLETE
235,0.6939501307828283,2025-01-08 21:40:11.788612,2025-01-08 21:42:11.441845,0 days 00:01:59.653233,balanced,entropy,600,sqrt,11,36,3643,COMPLETE
236,0.6933975470434829,2025-01-08 21:40:25.515573,2025-01-08 21:42:13.903767,0 days 00:01:48.388194,balanced,entropy,609,sqrt,11,38,3657,COMPLETE
237,0.6924571972524513,2025-01-08 21:40:25.946572,2025-01-08 21:42:16.924774,0 days 00:01:50.978202,balanced,entropy,386,sqrt,12,35,3784,COMPLETE
238,0.6946202981779503,2025-01-08 21:40:27.699841,2025-01-08 21:42:18.155975,0 days 00:01:50.456134,balanced,entropy,597,sqrt,10,36,3601,COMPLETE
239,0.693794504013226,2025-01-08 21:40:33.233528,2025-01-08 21:42:21.639161,0 days 00:01:48.405633,balanced,entropy,599,sqrt,11,34,3552,COMPLETE
240,0.6907682019113744,2025-01-08 21:40:38.422845,2025-01-08 21:42:21.641161,0 days 00:01:43.218316,balanced,entropy,600,sqrt,13,38,3565,COMPLETE
241,0.6922865599923931,2025-01-08 21:40:39.968665,2025-01-08 21:42:21.983163,0 days 00:01:42.014498,balanced,entropy,134,sqrt,12,33,3449,COMPLETE
242,0.6923581677669279,2025-01-08 21:40:51.219662,2025-01-08 21:42:29.473222,0 days 00:01:38.253560,balanced,entropy,130,sqrt,12,36,3340,COMPLETE
243,0.6921199999495259,2025-01-08 21:40:51.568663,2025-01-08 21:42:33.179026,0 days 00:01:41.610363,balanced,entropy,121,sqrt,13,36,3414,COMPLETE
244,0.6921842008008086,2025-01-08 21:40:59.085211,2025-01-08 21:42:39.198404,0 days 00:01:40.113193,balanced,entropy,381,sqrt,12,40,3537,COMPLETE
245,0.6929185952302763,2025-01-08 21:41:06.934397,2025-01-08 21:42:45.002281,0 days 00:01:38.067884,balanced,entropy,385,sqrt,11,34,3487,COMPLETE
246,0.6906609227228073,2025-01-08 21:41:07.630898,2025-01-08 21:42:47.315271,0 days 00:01:39.684373,balanced,entropy,376,sqrt,14,36,3561,COMPLETE
247,0.6916539931797718,2025-01-08 21:41:11.712508,2025-01-08 21:42:50.472570,0 days 00:01:38.760062,balanced,entropy,384,sqrt,13,36,3779,COMPLETE
248,0.690637636665718,2025-01-08 21:41:15.183138,2025-01-08 21:42:50.588570,0 days 00:01:35.405432,balanced,entropy,371,sqrt,14,40,3463,COMPLETE
249,0.6918563239400596,2025-01-08 21:41:15.692953,2025-01-08 21:42:51.338585,0 days 00:01:35.645632,balanced,entropy,373,sqrt,13,36,3438,COMPLETE
250,0.6921056980491858,2025-01-08 21:41:19.545246,2025-01-08 21:42:52.530583,0 days 00:01:32.985337,balanced,entropy,116,sqrt,13,36,3460,COMPLETE
251,0.6916896908765251,2025-01-08 21:41:23.461322,2025-01-08 21:42:54.838244,0 days 00:01:31.376922,balanced,entropy,390,sqrt,13,36,3462,COMPLETE
252,0.6781276482274676,2025-01-08 21:41:28.166325,2025-01-08 21:42:56.955742,0 days 00:01:28.789417,balanced,entropy,383,sqrt,14,517,3779,COMPLETE
253,0.6800910062430637,2025-01-08 21:41:34.649342,2025-01-08 21:43:16.158519,0 days 00:01:41.509177,balanced,entropy,379,sqrt,15,422,5760,COMPLETE
254,0.6807473464793672,2025-01-08 21:41:41.960544,2025-01-08 21:43:08.023363,0 days 00:01:26.062819,balanced,entropy,369,sqrt,13,424,3651,COMPLETE
255,0.6792265539977982,2025-01-08 21:41:42.847101,2025-01-08 21:43:22.370577,0 days 00:01:39.523476,balanced,entropy,372,sqrt,13,516,5624,COMPLETE
256,0.6910103736011445,2025-01-08 21:41:45.422695,2025-01-08 21:43:18.687321,0 days 00:01:33.264626,balanced,entropy,400,sqrt,14,35,3531,COMPLETE
257,0.6800231828132338,2025-01-08 21:41:47.711348,2025-01-08 21:43:13.034603,0 days 00:01:25.323255,balanced,entropy,380,sqrt,14,429,3446,COMPLETE
258,0.6792165910015204,2025-01-08 21:41:50.655995,2025-01-08 21:43:27.487011,0 days 00:01:36.831016,balanced,entropy,593,sqrt,15,433,5531,COMPLETE
259,0.6452181424966758,2025-01-08 21:41:52.069313,2025-01-08 21:43:11.796263,0 days 00:01:19.726950,balanced,entropy,399,sqrt,274,30,3579,COMPLETE
260,0.6754993990834338,2025-01-08 21:41:54.953884,2025-01-08 21:43:16.692238,0 days 00:01:21.738354,balanced,entropy,374,sqrt,14,647,3697,COMPLETE
261,0.6224126549353207,2025-01-08 21:41:59.808088,2025-01-08 21:43:12.909871,0 days 00:01:13.101783,balanced,entropy,370,sqrt,432,64,3696,COMPLETE
262,0.6425229109508743,2025-01-08 21:42:04.021085,2025-01-08 21:43:24.283026,0 days 00:01:20.261941,balanced,entropy,142,sqrt,294,65,3348,COMPLETE
263,0.6460970033811864,2025-01-08 21:42:11.446844,2025-01-08 21:43:40.538415,0 days 00:01:29.091571,balanced,entropy,388,sqrt,263,66,5600,COMPLETE
264,0.6787500811085042,2025-01-08 21:42:13.906767,2025-01-08 21:43:49.527352,0 days 00:01:35.620585,balanced,entropy,397,sqrt,15,494,5688,COMPLETE
265,0.6467710758999193,2025-01-08 21:42:16.926775,2025-01-08 21:43:43.350684,0 days 00:01:26.423909,balanced,entropy,194,sqrt,260,23,5590,COMPLETE
266,0.6791654286379485,2025-01-08 21:42:18.158976,2025-01-08 21:43:50.092867,0 days 00:01:31.933891,balanced,entropy,363,sqrt,15,444,5566,COMPLETE
267,0.689379423002369,2025-01-08 21:42:21.643162,2025-01-08 21:44:05.967438,0 days 00:01:44.324276,balanced,entropy,363,sqrt,16,3,5675,COMPLETE
268,0.6736574421757296,2025-01-08 21:42:21.654164,2025-01-08 21:43:49.386642,0 days 00:01:27.732478,balanced,entropy,406,sqrt,16,801,5602,COMPLETE
269,0.6328574264465864,2025-01-08 21:42:21.987162,2025-01-08 21:43:49.502352,0 days 00:01:27.515190,balanced,entropy,404,sqrt,360,66,5689,COMPLETE
270,0.6896803676747961,2025-01-08 21:42:29.475222,2025-01-08 21:43:59.115087,0 days 00:01:29.639865,balanced,entropy,405,sqrt,17,3,4343,COMPLETE
271,0.6457837191279798,2025-01-08 21:42:33.182024,2025-01-08 21:43:51.300967,0 days 00:01:18.118943,balanced,entropy,266,sqrt,264,646,4427,COMPLETE
272,0.6300891185512018,2025-01-08 21:42:39.200404,2025-01-08 21:44:01.934759,0 days 00:01:22.734355,balanced,entropy,401,sqrt,383,67,4366,COMPLETE
273,0.6296335816623074,2025-01-08 21:42:45.004256,2025-01-08 21:44:10.212017,0 days 00:01:25.207761,balanced,entropy,406,sqrt,389,5,5625,COMPLETE
274,0.6225697681042334,2025-01-08 21:42:47.317271,2025-01-08 21:44:15.154921,0 days 00:01:27.837650,balanced,entropy,173,sqrt,433,2,5746,COMPLETE
275,0.6337373282395471,2025-01-08 21:42:50.474570,2025-01-08 21:44:17.555225,0 days 00:01:27.080655,balanced,entropy,651,sqrt,351,2,5692,COMPLETE
276,0.6714027677678819,2025-01-08 21:42:50.594571,2025-01-08 21:45:56.104575,0 days 00:03:05.510004,balanced,entropy,401,sqrt,1,2,5661,COMPLETE
277,0.6572649527196212,2025-01-08 21:42:51.340585,2025-01-08 21:44:21.409212,0 days 00:01:30.068627,balanced,entropy,403,sqrt,187,434,5583,COMPLETE
278,0.6467282022710205,2025-01-08 21:42:52.535585,2025-01-08 21:44:20.757714,0 days 00:01:28.222129,balanced,entropy,642,sqrt,256,65,5674,COMPLETE
279,0.6315988645930036,2025-01-08 21:42:54.840241,2025-01-08 21:44:26.119873,0 days 00:01:31.279632,balanced,entropy,406,sqrt,368,3,5629,COMPLETE
280,0.7015203531950488,2025-01-08 21:42:56.957742,2025-01-08 21:44:56.012453,0 days 00:01:59.054711,balanced,entropy,213,sqrt,1,66,5661,COMPLETE
281,0.6205105280204142,2025-01-08 21:43:08.025364,2025-01-08 21:44:32.254722,0 days 00:01:24.229358,balanced,entropy,645,sqrt,480,2,5650,COMPLETE
282,0.6197470678599725,2025-01-08 21:43:11.798269,2025-01-08 21:44:37.187564,0 days 00:01:25.389295,balanced,entropy,409,sqrt,475,2,5661,COMPLETE
283,0.7047538378155042,2025-01-08 21:43:12.914546,2025-01-08 21:45:52.539818,0 days 00:02:39.625272,balanced,entropy,472,sqrt,2,3,5659,COMPLETE
284,0.7055666835762296,2025-01-08 21:43:13.037603,2025-01-08 21:45:57.028560,0 days 00:02:43.990957,balanced,entropy,255,sqrt,2,2,5653,COMPLETE
285,0.6556600903282592,2025-01-08 21:43:16.160517,2025-01-08 21:44:44.826340,0 days 00:01:28.665823,balanced,entropy,646,sqrt,186,599,4379,COMPLETE
286,0.6725681014842438,2025-01-08 21:43:16.697239,2025-01-08 21:46:10.955843,0 days 00:02:54.258604,balanced,entropy,162,sqrt,1,2,5596,COMPLETE
287,0.6721339928711577,2025-01-08 21:43:18.689322,2025-01-08 21:46:10.095126,0 days 00:02:51.405804,balanced,entropy,413,sqrt,1,2,5551,COMPLETE
288,0.6542953702338856,2025-01-08 21:43:22.372577,2025-01-08 21:44:55.770441,0 days 00:01:33.397864,balanced,entropy,641,sqrt,185,808,4373,COMPLETE
289,0.7033476882590864,2025-01-08 21:43:24.295066,2025-01-08 21:45:30.932695,0 days 00:02:06.637629,balanced,entropy,650,sqrt,3,2,4387,COMPLETE
290,0.6892357630630497,2025-01-08 21:43:27.489011,2025-01-08 21:46:02.186754,0 days 00:02:34.697743,balanced,entropy,639,sqrt,1,4,4377,COMPLETE
291,0.6328621228031013,2025-01-08 21:43:40.540418,2025-01-08 21:45:16.929544,0 days 00:01:36.389126,balanced,entropy,177,sqrt,355,2,4446,COMPLETE
292,0.6193581652702078,2025-01-08 21:43:43.355681,2025-01-08 21:45:18.338943,0 days 00:01:34.983262,balanced,entropy,246,sqrt,478,4,4424,COMPLETE
293,0.7048436263771284,2025-01-08 21:43:49.389643,2025-01-08 21:46:18.417524,0 days 00:02:29.027881,balanced,entropy,649,sqrt,2,2,4375,COMPLETE
294,0.7042430846574099,2025-01-08 21:43:49.509352,2025-01-08 21:46:17.039004,0 days 00:02:27.529652,balanced,entropy,649,sqrt,2,7,4298,COMPLETE
295,0.6784619054578586,2025-01-08 21:43:49.572353,2025-01-08 21:45:56.572714,0 days 00:02:07.000361,balanced,entropy,651,sqrt,1,617,4304,COMPLETE
296,0.6601450166001189,2025-01-08 21:43:50.094866,2025-01-08 21:46:13.037837,0 days 00:02:22.942971,balanced,entropy,646,sqrt,172,3,4457,COMPLETE
297,0.7047292458078328,2025-01-08 21:43:51.303968,2025-01-08 21:47:07.831599,0 days 00:03:16.527631,balanced,entropy,635,sqrt,2,4,5091,COMPLETE
298,0.7047636557354803,2025-01-08 21:43:59.117097,2025-01-08 21:47:10.705317,0 days 00:03:11.588220,balanced,entropy,471,sqrt,2,5,5130,COMPLETE
299,0.7049501380409327,2025-01-08 21:44:01.936760,2025-01-08 21:47:11.943658,0 days 00:03:10.006898,balanced,entropy,654,sqrt,2,2,5049,COMPLETE
300,0.7035948369985084,2025-01-08 21:44:05.970441,2025-01-08 21:46:59.154771,0 days 00:02:53.184330,balanced,entropy,473,sqrt,3,5,5146,COMPLETE
301,0.7064482746417252,2025-01-08 21:44:10.214015,2025-01-08 21:47:16.576627,0 days 00:03:06.362612,balanced,entropy,579,sqrt,1,14,5093,COMPLETE
302,0.6729101836142156,2025-01-08 21:44:15.157920,2025-01-08 21:47:41.591167,0 days 00:03:26.433247,balanced,entropy,652,sqrt,1,2,5158,COMPLETE
303,0.6592989468489082,2025-01-08 21:44:17.557226,2025-01-08 21:46:38.077070,0 days 00:02:20.519844,balanced,entropy,646,sqrt,173,20,4520,COMPLETE
304,0.7066157257483057,2025-01-08 21:44:20.762801,2025-01-08 21:47:16.243629,0 days 00:02:55.480828,balanced,entropy,641,sqrt,1,17,5016,COMPLETE
305,0.7040521686717266,2025-01-08 21:44:21.412284,2025-01-08 21:47:25.200478,0 days 00:03:03.788194,balanced,entropy,474,sqrt,2,17,4990,COMPLETE
306,0.7058991718419031,2025-01-08 21:44:26.122172,2025-01-08 21:47:40.127712,0 days 00:03:14.005540,balanced,entropy,638,sqrt,1,15,5128,COMPLETE
307,0.7047357940008853,2025-01-08 21:44:32.263853,2025-01-08 21:48:11.152623,0 days 00:03:38.888770,balanced,entropy,612,sqrt,1,20,5040,COMPLETE
308,0.704864295043696,2025-01-08 21:44:37.189562,2025-01-08 21:48:14.840532,0 days 00:03:37.650970,balanced,entropy,465,sqrt,1,19,5113,COMPLETE
309,0.7007801053389136,2025-01-08 21:44:44.828407,2025-01-08 21:48:07.920167,0 days 00:03:23.091760,balanced,entropy,475,sqrt,3,21,5025,COMPLETE
310,0.705669273535083,2025-01-08 21:44:55.772440,2025-01-08 21:48:14.074767,0 days 00:03:18.302327,balanced,entropy,467,sqrt,1,17,5223,COMPLETE
311,0.7038035006114359,2025-01-08 21:44:56.015453,2025-01-08 21:48:15.902911,0 days 00:03:19.887458,balanced,entropy,464,sqrt,2,18,5188,COMPLETE
312,0.7052751050416028,2025-01-08 21:45:16.935638,2025-01-08 21:48:29.891222,0 days 00:03:12.955584,balanced,entropy,57,sqrt,1,20,5063,COMPLETE
313,0.7023346423991512,2025-01-08 21:45:18.344942,2025-01-08 21:48:27.569244,0 days 00:03:09.224302,balanced,entropy,47,sqrt,2,21,5397,COMPLETE
314,0.7050923887792969,2025-01-08 21:45:30.936856,2025-01-08 21:48:56.608161,0 days 00:03:25.671305,balanced,entropy,427,sqrt,1,22,5064,COMPLETE
315,0.7051228414650969,2025-01-08 21:45:52.543194,2025-01-08 21:48:57.534056,0 days 00:03:04.990862,balanced,entropy,49,sqrt,1,20,5269,COMPLETE
316,0.7047759598503603,2025-01-08 21:45:56.106681,2025-01-08 21:49:21.434482,0 days 00:03:25.327801,balanced,entropy,480,sqrt,1,21,5064,COMPLETE
317,0.7054159064936166,2025-01-08 21:45:56.578803,2025-01-08 21:49:21.036067,0 days 00:03:24.457264,balanced,entropy,465,sqrt,1,20,5074,COMPLETE
318,0.7028585581168473,2025-01-08 21:45:57.031559,2025-01-08 21:49:13.500754,0 days 00:03:16.469195,balanced,entropy,472,sqrt,2,21,5100,COMPLETE
319,0.6823298772418837,2025-01-08 21:46:02.188849,2025-01-08 21:48:52.785771,0 days 00:02:50.596922,balanced,entropy,42,sqrt,33,21,5089,COMPLETE
320,0.6831838323806217,2025-01-08 21:46:10.098303,2025-01-08 21:48:53.803591,0 days 00:02:43.705288,balanced,entropy,492,sqrt,31,21,5070,COMPLETE
321,0.6875886474269084,2025-01-08 21:46:10.958844,2025-01-08 21:49:05.510382,0 days 00:02:54.551538,balanced,entropy,221,sqrt,22,23,5123,COMPLETE
322,0.6838337091989887,2025-01-08 21:46:13.043919,2025-01-08 21:49:06.245556,0 days 00:02:53.201637,balanced,entropy,500,sqrt,30,19,5003,COMPLETE
323,0.6865910044263114,2025-01-08 21:46:17.042005,2025-01-08 21:49:25.740511,0 days 00:03:08.698506,balanced,entropy,469,sqrt,24,22,5112,COMPLETE
324,0.6824529478321706,2025-01-08 21:46:18.419767,2025-01-08 21:49:31.422058,0 days 00:03:13.002291,balanced,entropy,495,sqrt,34,22,5144,COMPLETE
325,0.6836820748453979,2025-01-08 21:46:38.081083,2025-01-08 21:49:33.716432,0 days 00:02:55.635349,balanced,entropy,226,sqrt,30,21,5142,COMPLETE
326,0.6830195469910225,2025-01-08 21:46:59.156776,2025-01-08 21:49:35.580695,0 days 00:02:36.423919,balanced,entropy,473,sqrt,31,21,5083,COMPLETE
327,0.6852131381948844,2025-01-08 21:47:07.833606,2025-01-08 21:49:39.632624,0 days 00:02:31.799018,balanced,entropy,473,sqrt,25,20,5054,COMPLETE
328,0.6823598756832064,2025-01-08 21:47:10.707321,2025-01-08 21:49:42.272682,0 days 00:02:31.565361,balanced,entropy,494,sqrt,35,21,5004,COMPLETE
329,0.6825715874632711,2025-01-08 21:47:11.945664,2025-01-08 21:49:48.791544,0 days 00:02:36.845880,balanced,entropy,227,sqrt,34,23,5053,COMPLETE
330,0.6862296818530375,2025-01-08 21:47:16.245635,2025-01-08 21:49:52.045461,0 days 00:02:35.799826,balanced,entropy,223,sqrt,24,20,5039,COMPLETE
331,0.6817240600947444,2025-01-08 21:47:16.578632,2025-01-08 21:49:57.982398,0 days 00:02:41.403766,balanced,entropy,286,sqrt,35,22,5092,COMPLETE
332,0.6854633991675846,2025-01-08 21:47:25.202483,2025-01-08 21:50:04.202058,0 days 00:02:38.999575,balanced,entropy,507,sqrt,26,23,5144,COMPLETE
333,0.681800864578045,2025-01-08 21:47:40.129718,2025-01-08 21:50:08.187820,0 days 00:02:28.058102,balanced,entropy,505,sqrt,36,23,4985,COMPLETE
334,0.683460113380245,2025-01-08 21:47:41.593172,2025-01-08 21:50:10.402111,0 days 00:02:28.808939,balanced,entropy,476,sqrt,30,20,5039,COMPLETE
335,0.6824310447433789,2025-01-08 21:48:07.922174,2025-01-08 21:50:13.029675,0 days 00:02:05.107501,balanced,entropy,500,sqrt,32,22,4937,COMPLETE
336,0.686120721149567,2025-01-08 21:48:11.154628,2025-01-08 21:50:18.097357,0 days 00:02:06.942729,balanced,entropy,574,sqrt,25,24,5135,COMPLETE
337,0.6823792264547374,2025-01-08 21:48:14.076773,2025-01-08 21:50:19.870741,0 days 00:02:05.793968,balanced,entropy,494,sqrt,32,23,5036,COMPLETE
338,0.6836739548444601,2025-01-08 21:48:14.842538,2025-01-08 21:50:22.894361,0 days 00:02:08.051823,balanced,entropy,508,sqrt,30,22,5048,COMPLETE
339,0.6827096346397838,2025-01-08 21:48:15.904915,2025-01-08 21:50:29.138994,0 days 00:02:13.234079,balanced,entropy,470,sqrt,32,56,5066,COMPLETE
340,0.6823269094846349,2025-01-08 21:48:27.571249,2025-01-08 21:50:33.778713,0 days 00:02:06.207464,balanced,entropy,475,sqrt,33,56,5124,COMPLETE
341,0.682063572576193,2025-01-08 21:48:29.893228,2025-01-08 21:50:39.390018,0 days 00:02:09.496790,balanced,entropy,478,sqrt,35,55,5051,COMPLETE
342,0.681682564898313,2025-01-08 21:48:52.787777,2025-01-08 21:50:43.427565,0 days 00:01:50.639788,balanced,entropy,501,sqrt,35,56,4935,COMPLETE
343,0.686001198345063,2025-01-08 21:48:53.805599,2025-01-08 21:50:49.404024,0 days 00:01:55.598425,balanced,entropy,505,sqrt,25,56,5039,COMPLETE
344,0.6824083427458808,2025-01-08 21:48:56.610166,2025-01-08 21:50:49.010850,0 days 00:01:52.400684,balanced,entropy,480,sqrt,34,53,5081,COMPLETE
345,0.6871469750484106,2025-01-08 21:48:57.536063,2025-01-08 21:50:57.750683,0 days 00:02:00.214620,balanced,entropy,508,sqrt,21,57,5004,COMPLETE
346,0.6494354578971065,2025-01-08 21:49:05.512389,2025-01-08 21:50:45.938090,0 days 00:01:40.425701,balanced,entropy,507,sqrt,238,57,5083,COMPLETE
347,0.6868954202042751,2025-01-08 21:49:06.247561,2025-01-08 21:50:33.093197,0 days 00:01:26.845636,balanced,entropy,501,sqrt,21,58,1475,COMPLETE
348,0.6876946289185376,2025-01-08 21:49:13.502761,2025-01-08 21:50:34.332956,0 days 00:01:20.830195,balanced,entropy,509,sqrt,21,57,750,COMPLETE
349,0.686523495297558,2025-01-08 21:49:21.038073,2025-01-08 21:51:10.582197,0 days 00:01:49.544124,balanced,entropy,574,sqrt,23,59,4982,COMPLETE
350,0.686697790287556,2025-01-08 21:49:21.436488,2025-01-08 21:51:10.406124,0 days 00:01:48.969636,balanced,entropy,510,sqrt,22,63,5032,COMPLETE
351,0.6863977988951163,2025-01-08 21:49:25.742519,2025-01-08 21:51:13.523273,0 days 00:01:47.780754,balanced,entropy,516,sqrt,23,62,4942,COMPLETE
352,0.6872585064199801,2025-01-08 21:49:31.424064,2025-01-08 21:51:17.164059,0 days 00:01:45.739995,balanced,entropy,577,sqrt,20,58,4978,COMPLETE
353,0.6868437411924146,2025-01-08 21:49:33.718439,2025-01-08 21:51:22.992437,0 days 00:01:49.273998,balanced,entropy,506,sqrt,22,54,5267,COMPLETE
354,0.6864111948791334,2025-01-08 21:49:35.582700,2025-01-08 21:51:24.366032,0 days 00:01:48.783332,balanced,entropy,574,sqrt,22,57,4964,COMPLETE
355,0.6874022356883803,2025-01-08 21:49:39.634632,2025-01-08 21:50:53.695834,0 days 00:01:14.061202,balanced,entropy,507,sqrt,19,55,675,COMPLETE
356,0.6502104351148872,2025-01-08 21:49:42.274687,2025-01-08 21:51:05.227573,0 days 00:01:22.952886,balanced,entropy,295,sqrt,239,59,2930,COMPLETE
357,0.6869931102639514,2025-01-08 21:49:48.793552,2025-01-08 21:51:30.554724,0 days 00:01:41.761172,balanced,entropy,568,sqrt,21,57,4973,COMPLETE
358,0.6878131611120734,2025-01-08 21:49:52.047469,2025-01-08 21:51:33.984407,0 days 00:01:41.936938,balanced,entropy,518,sqrt,20,56,4957,COMPLETE
359,0.6877263231371136,2025-01-08 21:49:57.984404,2025-01-08 21:51:43.393377,0 days 00:01:45.408973,balanced,entropy,517,sqrt,20,57,4912,COMPLETE
360,0.6883825143536351,2025-01-08 21:50:04.204066,2025-01-08 21:51:46.162640,0 days 00:01:41.958574,balanced,entropy,496,sqrt,19,59,4672,COMPLETE
361,0.6884309587665629,2025-01-08 21:50:08.189608,2025-01-08 21:51:15.930747,0 days 00:01:07.741139,balanced,entropy,583,sqrt,18,71,662,COMPLETE
362,0.6512633986515738,2025-01-08 21:50:10.404118,2025-01-08 21:51:28.374119,0 days 00:01:17.970001,balanced,entropy,581,sqrt,233,62,2967,COMPLETE
363,0.6883497334842307,2025-01-08 21:50:13.031684,2025-01-08 21:51:52.668006,0 days 00:01:39.636322,balanced,entropy,516,sqrt,19,55,4618,COMPLETE
364,0.6880169486634319,2025-01-08 21:50:18.099365,2025-01-08 21:51:59.292698,0 days 00:01:41.193333,balanced,entropy,707,sqrt,18,57,5291,COMPLETE
365,0.6522660814158701,2025-01-08 21:50:19.872747,2025-01-08 21:51:47.387529,0 days 00:01:27.514782,balanced,entropy,580,sqrt,221,53,4744,COMPLETE
366,0.648768950209173,2025-01-08 21:50:22.898371,2025-01-08 21:51:48.505260,0 days 00:01:25.606889,balanced,entropy,589,sqrt,242,55,4613,COMPLETE
367,0.6889462883474545,2025-01-08 21:50:29.141002,2025-01-08 21:52:11.693374,0 days 00:01:42.552372,balanced,entropy,594,sqrt,15,55,5305,COMPLETE
368,0.6883602035621612,2025-01-08 21:50:33.094722,2025-01-08 21:52:12.805494,0 days 00:01:39.710772,balanced,entropy,578,sqrt,18,58,5316,COMPLETE
369,0.6884347396032982,2025-01-08 21:50:33.780719,2025-01-08 21:52:10.270690,0 days 00:01:36.489971,balanced,entropy,587,sqrt,18,57,4661,COMPLETE
370,0.6882738905482592,2025-01-08 21:50:34.336968,2025-01-08 21:52:19.321966,0 days 00:01:44.984998,balanced,entropy,574,sqrt,18,54,4661,COMPLETE
371,0.6889684509177569,2025-01-08 21:50:39.392024,2025-01-08 21:52:20.157423,0 days 00:01:40.765399,balanced,entropy,581,sqrt,18,53,4614,COMPLETE
372,0.6514770431729474,2025-01-08 21:50:43.429572,2025-01-08 21:52:12.266088,0 days 00:01:28.836516,balanced,entropy,709,sqrt,227,51,4672,COMPLETE
373,0.6887692474396445,2025-01-08 21:50:45.940097,2025-01-08 21:52:27.575430,0 days 00:01:41.635333,balanced,entropy,587,sqrt,18,47,4621,COMPLETE
374,0.6736168796383538,2025-01-08 21:50:49.012856,2025-01-08 21:52:19.543171,0 days 00:01:30.530315,balanced,entropy,588,sqrt,18,750,4652,COMPLETE
375,0.6885703005173256,2025-01-08 21:50:49.408037,2025-01-08 21:52:37.215171,0 days 00:01:47.807134,balanced,entropy,573,sqrt,17,47,4644,COMPLETE
376,0.6916416129807909,2025-01-08 21:50:53.697842,2025-01-08 21:52:47.107610,0 days 00:01:53.409768,balanced,entropy,574,sqrt,13,45,4626,COMPLETE
377,0.6895138031769497,2025-01-08 21:50:57.752691,2025-01-08 21:52:34.562674,0 days 00:01:36.809983,balanced,entropy,577,sqrt,15,46,2974,COMPLETE
378,0.6887698457397882,2025-01-08 21:51:05.229578,2025-01-08 21:52:49.872639,0 days 00:01:44.643061,balanced,entropy,579,sqrt,16,45,4684,COMPLETE
379,0.6891915737566237,2025-01-08 21:51:10.408129,2025-01-08 21:52:57.649374,0 days 00:01:47.241245,balanced,entropy,576,sqrt,15,44,5348,COMPLETE
380,0.6901268213206136,2025-01-08 21:51:10.584203,2025-01-08 21:52:52.133569,0 days 00:01:41.549366,balanced,entropy,598,sqrt,14,45,4616,COMPLETE
381,0.6895478240545884,2025-01-08 21:51:13.525279,2025-01-08 21:52:56.699918,0 days 00:01:43.174639,balanced,entropy,603,sqrt,16,44,4654,COMPLETE
382,0.6900078272433395,2025-01-08 21:51:15.934499,2025-01-08 21:52:58.754323,0 days 00:01:42.819824,balanced,entropy,606,sqrt,15,42,4632,COMPLETE
383,0.7035274377827828,2025-01-08 21:51:17.166068,2025-01-08 21:53:12.426239,0 days 00:01:55.260171,balanced,entropy,450,sqrt,1,47,4648,COMPLETE
384,0.7021684301552873,2025-01-08 21:51:22.994445,2025-01-08 21:53:20.728087,0 days 00:01:57.733642,balanced,entropy,23,sqrt,1,40,4628,COMPLETE
385,0.6861320732009012,2025-01-08 21:51:24.368038,2025-01-08 21:53:12.631543,0 days 00:01:48.263505,balanced,entropy,13,sqrt,13,39,4605,COMPLETE
386,0.7033122898555889,2025-01-08 21:51:28.376125,2025-01-08 21:53:34.000436,0 days 00:02:05.624311,balanced,entropy,608,sqrt,1,41,4708,COMPLETE
387,0.6922736520652718,2025-01-08 21:51:30.556729,2025-01-08 21:53:28.269163,0 days 00:01:57.712434,balanced,entropy,605,sqrt,12,41,4613,COMPLETE
388,0.692391947962567,2025-01-08 21:51:33.986414,2025-01-08 21:53:36.015639,0 days 00:02:02.029225,balanced,entropy,441,sqrt,12,40,5332,COMPLETE
389,0.6914687361167907,2025-01-08 21:51:43.395382,2025-01-08 21:53:40.132455,0 days 00:01:56.737073,balanced,entropy,600,sqrt,12,40,5336,COMPLETE
390,0.6929464532958209,2025-01-08 21:51:46.164167,2025-01-08 21:53:36.801796,0 days 00:01:50.637629,balanced,entropy,13,sqrt,1,41,4624,COMPLETE
391,0.6363437186099296,2025-01-08 21:51:47.391540,2025-01-08 21:53:21.858267,0 days 00:01:34.466727,balanced,entropy,20,sqrt,320,38,4660,COMPLETE
392,0.7038455567562583,2025-01-08 21:51:48.506836,2025-01-08 21:54:08.819768,0 days 00:02:20.312932,balanced,entropy,614,sqrt,1,42,5329,COMPLETE
393,0.6774105494462875,2025-01-08 21:51:52.670012,2025-01-08 21:53:44.887968,0 days 00:01:52.217956,balanced,entropy,19,sqrt,1,690,5337,COMPLETE
394,0.6765754556510167,2025-01-08 21:51:59.294704,2025-01-08 21:53:47.086989,0 days 00:01:47.792285,balanced,entropy,22,sqrt,2,727,5352,COMPLETE
395,0.6935864579200106,2025-01-08 21:52:10.272697,2025-01-08 21:54:01.497140,0 days 00:01:51.224443,balanced,entropy,444,sqrt,11,37,4668,COMPLETE
396,0.6377613476718356,2025-01-08 21:52:11.695380,2025-01-08 21:53:53.596723,0 days 00:01:41.901343,balanced,entropy,448,sqrt,313,37,5363,COMPLETE
397,0.6911472816634056,2025-01-08 21:52:12.268094,2025-01-08 21:54:10.419167,0 days 00:01:58.151073,balanced,entropy,452,sqrt,2,259,5334,COMPLETE
398,0.7024448388608736,2025-01-08 21:52:12.807502,2025-01-08 21:54:29.600981,0 days 00:02:16.793479,balanced,entropy,20,sqrt,1,37,5364,COMPLETE
399,0.7043683349484576,2025-01-08 21:52:19.323972,2025-01-08 21:54:40.231514,0 days 00:02:20.907542,balanced,entropy,663,sqrt,1,36,5377,COMPLETE
400,0.6917245703227186,2025-01-08 21:52:19.545177,2025-01-08 21:54:16.913521,0 days 00:01:57.368344,balanced,entropy,662,sqrt,2,265,5374,COMPLETE
401,0.6737104504769027,2025-01-08 21:52:20.159428,2025-01-08 21:54:15.931330,0 days 00:01:55.771902,balanced,entropy,443,sqrt,2,851,5346,COMPLETE
402,0.674048507508323,2025-01-08 21:52:27.587316,2025-01-08 21:54:18.917099,0 days 00:01:51.329783,balanced,entropy,23,sqrt,1,849,5415,COMPLETE
403,0.7049915003656455,2025-01-08 21:52:34.564846,2025-01-08 21:54:58.968931,0 days 00:02:24.404085,balanced,entropy,444,sqrt,1,31,5349,COMPLETE
404,0.6871941056763164,2025-01-08 21:52:37.217178,2025-01-08 21:54:40.314509,0 days 00:02:03.097331,balanced,entropy,11,sqrt,1,28,5287,COMPLETE
405,0.7014942744949849,2025-01-08 21:52:47.109614,2025-01-08 21:55:00.011985,0 days 00:02:12.902371,balanced,entropy,447,sqrt,3,29,5333,COMPLETE
406,0.7038567299654025,2025-01-08 21:52:49.874644,2025-01-08 21:55:19.064580,0 days 00:02:29.189936,balanced,entropy,27,sqrt,1,29,5387,COMPLETE
407,0.7051128354090834,2025-01-08 21:52:52.135576,2025-01-08 21:55:19.990423,0 days 00:02:27.854847,balanced,entropy,448,sqrt,1,29,5347,COMPLETE
408,0.6828430360913283,2025-01-08 21:52:56.701924,2025-01-08 21:54:57.316441,0 days 00:02:00.614517,balanced,entropy,10,sqrt,2,26,5379,COMPLETE
409,0.7017406115483603,2025-01-08 21:52:57.651379,2025-01-08 21:55:24.264386,0 days 00:02:26.613007,balanced,entropy,443,sqrt,2,25,5416,COMPLETE
410,0.6778863620785938,2025-01-08 21:52:58.756329,2025-01-08 21:55:04.695975,0 days 00:02:05.939646,balanced,entropy,668,sqrt,1,683,5885,COMPLETE
411,0.7015721724513253,2025-01-08 21:53:12.428244,2025-01-08 21:55:41.889791,0 days 00:02:29.461547,balanced,entropy,26,sqrt,2,29,5875,COMPLETE
412,0.7062072618755041,2025-01-08 21:53:12.633550,2025-01-08 21:55:58.480193,0 days 00:02:45.846643,balanced,entropy,659,sqrt,1,24,5396,COMPLETE
413,0.7009324332238385,2025-01-08 21:53:20.730092,2025-01-08 21:55:57.695939,0 days 00:02:36.965847,balanced,entropy,660,sqrt,3,22,5406,COMPLETE
414,0.6918646069106491,2025-01-08 21:53:21.860271,2025-01-08 21:55:37.604899,0 days 00:02:15.744628,balanced,entropy,439,sqrt,2,260,5384,COMPLETE
415,0.7062662227438837,2025-01-08 21:53:28.271171,2025-01-08 21:56:08.075764,0 days 00:02:39.804593,balanced,entropy,443,sqrt,1,19,5340,COMPLETE
416,0.6925996527810128,2025-01-08 21:53:34.002443,2025-01-08 21:55:45.300764,0 days 00:02:11.298321,balanced,entropy,440,sqrt,1,237,5389,COMPLETE
417,0.7048268034413517,2025-01-08 21:53:36.026318,2025-01-08 21:56:49.632749,0 days 00:03:13.606431,balanced,entropy,654,sqrt,1,22,5886,COMPLETE
418,0.7037859909754435,2025-01-08 21:53:36.803802,2025-01-08 21:56:22.211205,0 days 00:02:45.407403,balanced,entropy,663,sqrt,2,20,5400,COMPLETE
419,0.7053662125243559,2025-01-08 21:53:40.134460,2025-01-08 21:56:40.884145,0 days 00:03:00.749685,balanced,entropy,659,sqrt,1,24,5394,COMPLETE
420,0.7033178906834451,2025-01-08 21:53:44.891719,2025-01-08 21:56:43.190640,0 days 00:02:58.298921,balanced,entropy,665,sqrt,2,19,5830,COMPLETE
421,0.6751350910312337,2025-01-08 21:53:47.088994,2025-01-08 21:56:10.956215,0 days 00:02:23.867221,balanced,entropy,658,sqrt,1,836,5406,COMPLETE
422,0.7026384887613856,2025-01-08 21:53:53.598731,2025-01-08 21:56:46.998946,0 days 00:02:53.400215,balanced,entropy,663,sqrt,2,20,5480,COMPLETE
423,0.7024726393482164,2025-01-08 21:54:01.499147,2025-01-08 21:57:01.647079,0 days 00:03:00.147932,balanced,entropy,638,sqrt,2,23,5265,COMPLETE
424,0.7052915944996362,2025-01-08 21:54:08.823780,2025-01-08 21:57:20.121020,0 days 00:03:11.297240,balanced,entropy,665,sqrt,1,20,5474,COMPLETE
425,0.6948032826864212,2025-01-08 21:54:10.421172,2025-01-08 21:56:59.336774,0 days 00:02:48.915602,balanced,entropy,662,sqrt,10,19,5885,COMPLETE
426,0.6950461385484726,2025-01-08 21:54:15.933336,2025-01-08 21:57:00.405508,0 days 00:02:44.472172,balanced,entropy,661,sqrt,9,16,5484,COMPLETE
427,0.7059551812215245,2025-01-08 21:54:16.915526,2025-01-08 21:57:29.718475,0 days 00:03:12.802949,balanced,entropy,542,sqrt,1,16,5837,COMPLETE
428,0.6944314093843662,2025-01-08 21:54:18.919106,2025-01-08 21:57:27.349586,0 days 00:03:08.430480,balanced,entropy,662,sqrt,10,22,5866,COMPLETE
429,0.6949746031067541,2025-01-08 21:54:29.602986,2025-01-08 21:57:35.460997,0 days 00:03:05.858011,balanced,entropy,661,sqrt,10,19,5952,COMPLETE
430,0.6950468539716946,2025-01-08 21:54:40.233520,2025-01-08 21:57:38.593535,0 days 00:02:58.360015,balanced,entropy,643,sqrt,9,20,5853,COMPLETE
431,0.688557709118561,2025-01-08 21:54:40.318521,2025-01-08 21:57:32.241364,0 days 00:02:51.922843,balanced,entropy,660,sqrt,10,179,5846,COMPLETE
432,0.6891599698859879,2025-01-08 21:54:57.318446,2025-01-08 21:57:36.997934,0 days 00:02:39.679488,balanced,entropy,547,sqrt,9,188,5854,COMPLETE
433,0.6948626744026652,2025-01-08 21:54:58.970938,2025-01-08 21:57:51.422688,0 days 00:02:52.451750,balanced,entropy,657,sqrt,10,20,5771,COMPLETE
434,0.6945651458073755,2025-01-08 21:55:00.014536,2025-01-08 21:57:51.640016,0 days 00:02:51.625480,balanced,entropy,666,sqrt,10,2,5542,COMPLETE
435,0.694860865317775,2025-01-08 21:55:04.697981,2025-01-08 21:58:05.300278,0 days 00:03:00.602297,balanced,entropy,636,sqrt,10,15,5790,COMPLETE
436,0.6950186422150724,2025-01-08 21:55:19.065678,2025-01-08 21:58:09.758906,0 days 00:02:50.693228,balanced,entropy,657,sqrt,11,16,5534,COMPLETE
437,0.6929090757607664,2025-01-08 21:55:19.992430,2025-01-08 21:58:17.980634,0 days 00:02:57.988204,balanced,entropy,435,sqrt,12,18,5830,COMPLETE
438,0.6939228166584043,2025-01-08 21:55:24.266390,2025-01-08 21:58:19.903583,0 days 00:02:55.637193,balanced,entropy,634,sqrt,11,2,5765,COMPLETE
439,0.6869934788133087,2025-01-08 21:55:37.606904,2025-01-08 21:58:18.186206,0 days 00:02:40.579302,balanced,entropy,936,sqrt,11,185,5789,COMPLETE
440,0.6707503562457346,2025-01-08 21:55:41.891797,2025-01-08 21:58:23.599492,0 days 00:02:41.707695,,entropy,426,sqrt,12,18,5497,COMPLETE
441,0.6720560147372573,2025-01-08 21:55:45.302771,2025-01-08 21:58:26.600879,0 days 00:02:41.298108,,entropy,461,log2,11,2,5540,COMPLETE
442,0.6700936511564674,2025-01-08 21:55:57.697945,2025-01-08 21:58:36.661137,0 days 00:02:38.963192,,entropy,548,log2,12,3,5550,COMPLETE
443,0.6883417425544938,2025-01-08 21:55:58.482199,2025-01-08 21:58:33.705397,0 days 00:02:35.223198,balanced,entropy,535,log2,10,181,5565,COMPLETE
444,0.6577646349541407,2025-01-08 21:56:08.077769,2025-01-08 21:58:44.870067,0 days 00:02:36.792298,,entropy,544,log2,11,197,5849,COMPLETE
445,0.6719216742782376,2025-01-08 21:56:10.958220,2025-01-08 21:59:00.603341,0 days 00:02:49.645121,,entropy,464,log2,11,2,5938,COMPLETE
446,0.6659652115849579,2025-01-08 21:56:22.213210,2025-01-08 21:58:58.498404,0 days 00:02:36.285194,,entropy,462,log2,12,74,5540,COMPLETE
447,0.6652487217410987,2025-01-08 21:56:40.886149,2025-01-08 21:59:05.749073,0 days 00:02:24.862924,,entropy,435,log2,12,74,5832,COMPLETE
448,0.6656020633091032,2025-01-08 21:56:43.192644,2025-01-08 21:59:08.290055,0 days 00:02:25.097411,,entropy,426,log2,11,74,5871,COMPLETE
449,0.6648796799280366,2025-01-08 21:56:47.000953,2025-01-08 21:59:09.048630,0 days 00:02:22.047677,,entropy,540,log2,13,75,5845,COMPLETE
450,0.6708650692078867,2025-01-08 21:56:49.634754,2025-01-08 21:59:19.258084,0 days 00:02:29.623330,,entropy,699,sqrt,12,17,5818,COMPLETE
451,0.6639703455624654,2025-01-08 21:56:59.338780,2025-01-08 21:59:18.163234,0 days 00:02:18.824454,,entropy,427,log2,12,83,5825,COMPLETE
452,0.6896679058959384,2025-01-08 21:57:00.407515,2025-01-08 21:59:22.378070,0 days 00:02:21.970555,balanced,entropy,425,log2,13,85,5852,COMPLETE
453,0.6897862156221831,2025-01-08 21:57:01.649086,2025-01-08 21:59:24.569372,0 days 00:02:22.920286,balanced,entropy,429,log2,13,77,5775,COMPLETE
454,0.6685905058997981,2025-01-08 21:57:20.123024,2025-01-08 21:59:46.440983,0 days 00:02:26.317959,,entropy,709,log2,14,18,5816,COMPLETE
455,0.689968579332595,2025-01-08 21:57:27.351592,2025-01-08 21:59:49.424485,0 days 00:02:22.072893,balanced,entropy,544,sqrt,12,81,6140,COMPLETE
456,0.6632898377648558,2025-01-08 21:57:29.720478,2025-01-08 21:59:52.264796,0 days 00:02:22.544318,,entropy,708,sqrt,12,84,6079,COMPLETE
457,0.6706185772942209,2025-01-08 21:57:32.243369,2025-01-08 21:59:57.092053,0 days 00:02:24.848684,,entropy,546,sqrt,12,3,5739,COMPLETE
458,0.6152767253307606,2025-01-08 21:57:35.463003,2025-01-08 21:59:42.542261,0 days 00:02:07.079258,,entropy,543,log2,144,82,5767,COMPLETE
459,0.6900287275780744,2025-01-08 21:57:36.999938,2025-01-08 22:00:03.933786,0 days 00:02:26.933848,balanced,entropy,690,log2,12,79,6117,COMPLETE
460,0.6676181346278298,2025-01-08 21:57:38.595541,2025-01-08 22:00:05.797840,0 days 00:02:27.202299,,entropy,698,log2,15,2,5675,COMPLETE
461,0.6616295256332134,2025-01-08 21:57:51.424694,2025-01-08 22:00:05.017385,0 days 00:02:13.592691,,entropy,697,log2,13,108,5568,COMPLETE
462,0.663220068062618,2025-01-08 21:57:51.642022,2025-01-08 22:00:11.851642,0 days 00:02:20.209620,,entropy,690,log2,13,83,6145,COMPLETE
463,0.68999911118276,2025-01-08 21:58:05.304032,2025-01-08 22:00:33.274073,0 days 00:02:27.970041,balanced,entropy,630,log2,13,76,6210,COMPLETE
464,0.6898502668072611,2025-01-08 21:58:09.762918,2025-01-08 22:00:30.481833,0 days 00:02:20.718915,balanced,entropy,709,log2,13,79,5587,COMPLETE
465,0.6897380044829303,2025-01-08 21:58:17.982639,2025-01-08 22:00:34.638824,0 days 00:02:16.656185,balanced,entropy,711,log2,13,71,5558,COMPLETE
466,0.659048697335621,2025-01-08 21:58:18.188212,2025-01-08 22:00:34.859979,0 days 00:02:16.671767,,entropy,696,sqrt,24,79,5604,COMPLETE
467,0.6086409472057017,2025-01-08 21:58:19.905589,2025-01-08 22:00:23.599572,0 days 00:02:03.693983,,entropy,711,log2,157,75,4859,COMPLETE
468,0.6466518136460309,2025-01-08 21:58:23.601499,2025-01-08 22:00:44.052890,0 days 00:02:20.451391,,entropy,700,log2,23,297,6144,COMPLETE
469,0.686113073234873,2025-01-08 21:58:26.602884,2025-01-08 22:00:44.159706,0 days 00:02:17.556822,balanced,entropy,697,log2,24,68,5205,COMPLETE
470,0.6843004050953719,2025-01-08 21:58:33.709153,2025-01-08 22:00:53.956782,0 days 00:02:20.247629,balanced,entropy,694,sqrt,26,78,6253,COMPLETE
471,0.6851302507392475,2025-01-08 21:58:36.663141,2025-01-08 22:00:52.824286,0 days 00:02:16.161145,balanced,entropy,729,sqrt,23,81,5248,COMPLETE
472,0.6850803376636151,2025-01-08 21:58:44.872074,2025-01-08 22:01:06.630136,0 days 00:02:21.758062,balanced,entropy,624,sqrt,24,83,6062,COMPLETE
473,0.6842643743405287,2025-01-08 21:58:58.500410,2025-01-08 22:01:00.252429,0 days 00:02:01.752019,balanced,entropy,695,sqrt,25,84,4872,COMPLETE
474,0.6842062617005352,2025-01-08 21:59:00.605348,2025-01-08 22:01:12.054294,0 days 00:02:11.448946,balanced,entropy,693,sqrt,27,71,5220,COMPLETE
475,0.686028427128574,2025-01-08 21:59:05.751081,2025-01-08 22:01:12.973350,0 days 00:02:07.222269,balanced,gini,57,sqrt,23,75,5226,COMPLETE
476,0.6860220259607305,2025-01-08 21:59:08.292061,2025-01-08 22:01:12.085895,0 days 00:02:03.793834,balanced,entropy,698,sqrt,25,32,4881,COMPLETE
477,0.6854163375758656,2025-01-08 21:59:09.050638,2025-01-08 22:01:17.796252,0 days 00:02:08.745614,balanced,gini,694,sqrt,24,78,4864,COMPLETE
478,0.6844023126300214,2025-01-08 21:59:18.175327,2025-01-08 22:01:23.125046,0 days 00:02:04.949719,balanced,gini,625,sqrt,24,105,5210,COMPLETE
479,0.6860751604011677,2025-01-08 21:59:19.260091,2025-01-08 22:01:29.341807,0 days 00:02:10.081716,balanced,gini,194,sqrt,22,79,5198,COMPLETE
480,0.6773389786003322,2025-01-08 21:59:22.380076,2025-01-08 22:01:36.850176,0 days 00:02:14.470100,balanced,gini,733,sqrt,55,103,6194,COMPLETE
481,0.6629755601539867,2025-01-08 21:59:24.571378,2025-01-08 22:01:26.494026,0 days 00:02:01.922648,balanced,gini,703,sqrt,147,2,4866,COMPLETE
482,0.6851131571072555,2025-01-08 21:59:42.544266,2025-01-08 22:01:49.882027,0 days 00:02:07.337761,balanced,gini,722,sqrt,26,33,6213,COMPLETE
483,0.6551118061741769,2025-01-08 21:59:46.442729,2025-01-08 22:01:42.586432,0 days 00:01:56.143703,balanced,gini,62,sqrt,202,34,6283,COMPLETE
484,0.680135643848137,2025-01-08 21:59:49.428238,2025-01-08 22:01:51.304738,0 days 00:02:01.876500,balanced,gini,687,sqrt,26,312,6141,COMPLETE
485,0.6859538853655623,2025-01-08 21:59:52.266803,2025-01-08 22:01:52.932205,0 days 00:02:00.665402,balanced,entropy,698,sqrt,25,34,5198,COMPLETE
486,0.6862286559433537,2025-01-08 21:59:57.101828,2025-01-08 22:01:52.900291,0 days 00:01:55.798463,balanced,gini,684,sqrt,24,35,4846,COMPLETE
487,0.6853767379557466,2025-01-08 22:00:03.935792,2025-01-08 22:02:03.610299,0 days 00:01:59.674507,balanced,gini,688,sqrt,25,34,5225,COMPLETE
488,0.684134756536674,2025-01-08 22:00:05.019392,2025-01-08 22:02:02.600195,0 days 00:01:57.580803,balanced,gini,736,sqrt,29,34,5208,COMPLETE
489,0.6854187121075138,2025-01-08 22:00:05.799847,2025-01-08 22:02:06.472538,0 days 00:02:00.672691,balanced,gini,999,sqrt,26,35,5203,COMPLETE
490,0.6854116154861679,2025-01-08 22:00:11.853648,2025-01-08 22:02:14.832892,0 days 00:02:02.979244,balanced,gini,63,sqrt,25,35,4875,COMPLETE
491,0.6851013348062214,2025-01-08 22:00:23.603584,2025-01-08 22:02:21.378352,0 days 00:01:57.774768,balanced,gini,628,sqrt,26,32,5217,COMPLETE
492,0.6808171755904858,2025-01-08 22:00:30.483839,2025-01-08 22:02:23.116953,0 days 00:01:52.633114,balanced,gini,57,sqrt,26,291,5200,COMPLETE
493,0.6848374446003249,2025-01-08 22:00:33.276078,2025-01-08 22:02:28.127178,0 days 00:01:54.851100,balanced,gini,49,sqrt,27,30,5242,COMPLETE
494,0.680685101981863,2025-01-08 22:00:34.640830,2025-01-08 22:02:26.200422,0 days 00:01:51.559592,balanced,gini,619,sqrt,27,290,5175,COMPLETE
495,0.6866370809474759,2025-01-08 22:00:34.872016,2025-01-08 22:02:31.505323,0 days 00:01:56.633307,balanced,gini,612,sqrt,23,33,5209,COMPLETE
496,0.6872212448310986,2025-01-08 22:00:44.054897,2025-01-08 22:02:36.744350,0 days 00:01:52.689453,balanced,entropy,636,sqrt,23,31,5185,COMPLETE
497,0.6861285559863592,2025-01-08 22:00:44.183598,2025-01-08 22:02:38.107263,0 days 00:01:53.923665,balanced,entropy,46,sqrt,24,36,5228,COMPLETE
498,0.6853213068144295,2025-01-08 22:00:52.826292,2025-01-08 22:02:38.773667,0 days 00:01:45.947375,balanced,gini,252,sqrt,26,35,5193,COMPLETE
499,0.6799780625331588,2025-01-08 22:00:53.969413,2025-01-08 22:02:37.710453,0 days 00:01:43.741040,balanced,gini,457,sqrt,23,368,4860,COMPLETE
