number,value,datetime_start,datetime_complete,duration,params_max_depth,params_max_features,params_min_samples_leaf,params_min_samples_split,params_n_estimators,state
0,0.6285726734053677,2025-01-04 21:04:08.012041,2025-01-04 21:07:52.458926,0 days 00:03:44.446885,123,log2,34,728,3766,COMPLETE
1,0.6285726734053677,2025-01-04 21:04:08.014043,2025-01-04 21:10:59.163200,0 days 00:06:51.149157,363,log2,301,568,7111,COMPLETE
2,0.6285726734053677,2025-01-04 21:04:08.015041,2025-01-04 21:06:07.313875,0 days 00:01:59.298834,331,sqrt,129,219,2038,COMPLETE
3,0.6285726734053677,2025-01-04 21:04:08.016040,2025-01-04 21:09:24.913713,0 days 00:05:16.897673,874,,449,953,5381,COMPLETE
4,0.6285726734053677,2025-01-04 21:04:08.017290,2025-01-04 21:04:32.083541,0 days 00:00:24.066251,992,,5,213,200,COMPLETE
5,0.6285726734053677,2025-01-04 21:04:08.019290,2025-01-04 21:10:31.591128,0 days 00:06:23.571838,150,log2,219,615,6483,COMPLETE
6,0.6285726734053677,2025-01-04 21:04:08.020291,2025-01-04 21:11:12.283427,0 days 00:07:04.263136,788,log2,399,314,7406,COMPLETE
7,0.6285726734053677,2025-01-04 21:04:08.061937,2025-01-04 21:12:36.821098,0 days 00:08:28.759161,543,sqrt,471,180,9240,COMPLETE
8,0.6285726734053677,2025-01-04 21:04:08.098862,2025-01-04 21:04:29.657029,0 days 00:00:21.558167,987,,393,295,154,COMPLETE
9,0.6285726734053677,2025-01-04 21:04:08.100109,2025-01-04 21:12:47.709954,0 days 00:08:39.609845,384,sqrt,278,74,9429,COMPLETE
10,0.6285726734053677,2025-01-04 21:04:08.283153,2025-01-04 21:06:24.006499,0 days 00:02:15.723346,447,,482,574,2267,COMPLETE
11,0.6285726734053677,2025-01-04 21:04:08.439036,2025-01-04 21:06:29.924591,0 days 00:02:21.485555,558,,221,438,2351,COMPLETE
12,0.6285726734053677,2025-01-04 21:04:08.495652,2025-01-04 21:07:21.718220,0 days 00:03:13.222568,300,,147,785,3280,COMPLETE
13,0.6285726734053677,2025-01-04 21:04:08.629098,2025-01-04 21:09:21.913683,0 days 00:05:13.284585,20,sqrt,315,17,5357,COMPLETE
14,0.6285726734053677,2025-01-04 21:04:08.659516,2025-01-04 21:10:36.972800,0 days 00:06:28.313284,546,sqrt,97,624,6645,COMPLETE
15,0.6285726734053677,2025-01-04 21:04:08.846157,2025-01-04 21:05:39.989332,0 days 00:01:31.143175,138,,285,249,1497,COMPLETE
16,0.6285726734053677,2025-01-04 21:04:09.077639,2025-01-04 21:08:06.720337,0 days 00:03:57.642698,912,log2,321,433,4052,COMPLETE
17,0.6285726734053677,2025-01-04 21:04:09.264112,2025-01-04 21:12:55.089831,0 days 00:08:45.825719,827,sqrt,31,780,9602,COMPLETE
18,0.6285726734053677,2025-01-04 21:04:09.450182,2025-01-04 21:07:23.123621,0 days 00:03:13.673439,981,sqrt,71,396,3325,COMPLETE
19,0.6285726734053677,2025-01-04 21:04:09.916970,2025-01-04 21:07:19.396824,0 days 00:03:09.479854,591,sqrt,473,798,3262,COMPLETE
20,0.6285726734053677,2025-01-04 21:04:10.194788,2025-01-04 21:08:51.271782,0 days 00:04:41.076994,120,sqrt,302,659,4728,COMPLETE
21,0.6285726734053677,2025-01-04 21:04:10.528589,2025-01-04 21:12:45.341162,0 days 00:08:34.812573,35,sqrt,16,971,9419,COMPLETE
22,0.9340362495643081,2025-01-04 21:04:11.203512,2025-01-04 21:06:08.782605,0 days 00:01:57.579093,650,sqrt,15,42,609,COMPLETE
23,0.6285726734053677,2025-01-04 21:04:11.852738,2025-01-04 21:11:47.186771,0 days 00:07:35.334033,120,sqrt,251,809,8125,COMPLETE
24,0.6285726734053677,2025-01-04 21:04:12.306524,2025-01-04 21:06:26.284066,0 days 00:02:13.977542,171,log2,325,26,2347,COMPLETE
25,0.6285726734053677,2025-01-04 21:04:13.355685,2025-01-04 21:12:32.100824,0 days 00:08:18.745139,932,log2,322,152,9077,COMPLETE
26,0.6285726734053677,2025-01-04 21:04:14.827285,2025-01-04 21:08:19.868321,0 days 00:04:05.041036,78,,159,490,4241,COMPLETE
27,0.6285726734053677,2025-01-04 21:04:15.605828,2025-01-04 21:05:13.483382,0 days 00:00:57.877554,397,sqrt,428,860,1000,COMPLETE
28,0.6285726734053677,2025-01-04 21:04:29.667360,2025-01-04 21:06:47.026179,0 days 00:02:17.358819,284,log2,11,248,2559,COMPLETE
29,0.6285726734053677,2025-01-04 21:04:32.109531,2025-01-04 21:09:55.361648,0 days 00:05:23.252117,633,log2,93,887,5733,COMPLETE
30,0.6285726734053677,2025-01-04 21:05:13.493592,2025-01-04 21:12:12.379038,0 days 00:06:58.885446,904,,66,867,7594,COMPLETE
31,0.6285726734053677,2025-01-04 21:05:40.002681,2025-01-04 21:07:46.555796,0 days 00:02:06.553115,888,log2,430,137,2183,COMPLETE
32,0.6285726734053677,2025-01-04 21:06:07.334503,2025-01-04 21:11:21.519762,0 days 00:05:14.185259,244,sqrt,208,121,5426,COMPLETE
33,0.6285726734053677,2025-01-04 21:06:08.794192,2025-01-04 21:09:58.314255,0 days 00:03:49.520063,431,,29,753,3912,COMPLETE
34,0.6285726734053677,2025-01-04 21:06:24.015757,2025-01-04 21:14:04.106290,0 days 00:07:40.090533,52,,408,898,8622,COMPLETE
35,0.6285726734053677,2025-01-04 21:06:26.297101,2025-01-04 21:10:46.087941,0 days 00:04:19.790840,657,,434,785,4525,COMPLETE
36,0.6285726734053677,2025-01-04 21:06:29.940804,2025-01-04 21:11:18.073271,0 days 00:04:48.132467,291,sqrt,370,481,5086,COMPLETE
37,0.6285726734053677,2025-01-04 21:06:47.033370,2025-01-04 21:14:31.363536,0 days 00:07:44.330166,661,sqrt,151,817,8960,COMPLETE
38,0.6285726734053677,2025-01-04 21:07:19.412526,2025-01-04 21:13:30.240517,0 days 00:06:10.827991,716,sqrt,128,44,7024,COMPLETE
39,0.6285726734053677,2025-01-04 21:07:21.749820,2025-01-04 21:13:47.182765,0 days 00:06:25.432945,718,sqrt,112,25,7386,COMPLETE
40,0.6285726734053677,2025-01-04 21:07:23.139423,2025-01-04 21:12:50.264526,0 days 00:05:27.125103,745,sqrt,113,6,6170,COMPLETE
41,0.6285726734053677,2025-01-04 21:07:46.561843,2025-01-04 21:14:00.082621,0 days 00:06:13.520778,696,sqrt,120,36,7250,COMPLETE
42,0.6285726734053677,2025-01-04 21:07:52.467979,2025-01-04 21:14:45.829774,0 days 00:06:53.361795,765,log2,94,614,7964,COMPLETE
43,0.6285726734053677,2025-01-04 21:08:06.743893,2025-01-04 21:13:49.344749,0 days 00:05:42.600856,13,log2,85,996,6699,COMPLETE
44,0.6285726734053677,2025-01-04 21:08:19.887010,2025-01-04 21:14:32.541270,0 days 00:06:12.654260,678,sqrt,83,648,7315,COMPLETE
45,0.6285726734053677,2025-01-04 21:08:51.279881,2025-01-04 21:14:25.553275,0 days 00:05:34.273394,746,log2,69,977,6639,COMPLETE
46,0.6285726734053677,2025-01-04 21:09:21.925710,2025-01-04 21:16:26.326245,0 days 00:07:04.400535,699,log2,59,986,8727,COMPLETE
47,0.6285726734053677,2025-01-04 21:09:24.923387,2025-01-04 21:15:44.990141,0 days 00:06:20.066754,696,log2,71,639,7753,COMPLETE
48,0.9099134425467642,2025-01-04 21:09:55.379885,2025-01-04 21:22:13.068119,0 days 00:12:17.688234,731,sqrt,89,130,7879,COMPLETE
49,0.907720460090624,2025-01-04 21:09:58.333574,2025-01-04 21:21:13.332569,0 days 00:11:14.998995,728,sqrt,92,113,7043,COMPLETE
50,0.8966829324968049,2025-01-04 21:10:31.606305,2025-01-04 21:23:09.909767,0 days 00:12:38.303462,714,sqrt,75,143,8578,COMPLETE
51,0.9098117811084001,2025-01-04 21:10:36.988617,2025-01-04 21:13:02.073977,0 days 00:02:25.085360,701,sqrt,56,89,1098,COMPLETE
52,0.9142413152085512,2025-01-04 21:10:46.103580,2025-01-04 21:24:27.553936,0 days 00:13:41.450356,719,sqrt,63,104,9240,COMPLETE
53,0.6285726734053677,2025-01-04 21:10:59.179327,2025-01-04 21:17:27.584835,0 days 00:06:28.405508,712,log2,188,701,8279,COMPLETE
54,0.6285726734053677,2025-01-04 21:11:12.315278,2025-01-04 21:18:10.530214,0 days 00:06:58.214936,227,log2,181,530,9034,COMPLETE
55,0.6285726734053677,2025-01-04 21:11:18.073271,2025-01-04 21:18:44.270602,0 days 00:07:26.197331,746,log2,41,711,9638,COMPLETE
56,0.6285726734053677,2025-01-04 21:11:21.533311,2025-01-04 21:18:16.406717,0 days 00:06:54.873406,761,log2,52,702,8952,COMPLETE
57,0.6285726734053677,2025-01-04 21:11:47.218567,2025-01-04 21:19:06.346178,0 days 00:07:19.127611,668,log2,53,684,9616,COMPLETE
58,0.6285726734053677,2025-01-04 21:12:12.394681,2025-01-04 21:13:16.393866,0 days 00:01:03.999185,770,log2,141,153,1371,COMPLETE
59,0.6285726734053677,2025-01-04 21:12:32.132418,2025-01-04 21:13:15.637891,0 days 00:00:43.505473,371,log2,139,678,923,COMPLETE
60,0.6285726734053677,2025-01-04 21:12:36.837192,2025-01-04 21:13:27.996621,0 days 00:00:51.159429,372,log2,148,980,1073,COMPLETE
61,0.6285726734053677,2025-01-04 21:12:45.361233,2025-01-04 21:13:17.730910,0 days 00:00:32.369677,741,log2,157,705,681,COMPLETE
62,0.6285726734053677,2025-01-04 21:12:47.726000,2025-01-04 21:13:31.141362,0 days 00:00:43.415362,673,log2,134,675,957,COMPLETE
63,0.6285726734053677,2025-01-04 21:12:50.280354,2025-01-04 21:13:24.176196,0 days 00:00:33.895842,488,log2,45,674,735,COMPLETE
64,0.6285726734053677,2025-01-04 21:12:55.122558,2025-01-04 21:13:52.543796,0 days 00:00:57.421238,217,log2,150,674,1206,COMPLETE
65,0.6285726734053677,2025-01-04 21:13:02.105862,2025-01-04 21:13:39.350803,0 days 00:00:37.244941,705,log2,161,565,782,COMPLETE
66,0.6285726734053677,2025-01-04 21:13:15.669530,2025-01-04 21:13:50.084021,0 days 00:00:34.414491,708,log2,174,550,744,COMPLETE
67,0.6285726734053677,2025-01-04 21:13:16.421270,2025-01-04 21:13:33.752296,0 days 00:00:17.331026,712,log2,61,554,380,COMPLETE
68,0.6285726734053677,2025-01-04 21:13:17.762180,2025-01-04 21:13:21.690692,0 days 00:00:03.928512,499,log2,50,558,84,COMPLETE
69,0.934065295689555,2025-01-04 21:13:21.706338,2025-01-04 21:17:47.154337,0 days 00:04:25.447999,697,sqrt,3,86,1884,COMPLETE
70,0.6285726734053677,2025-01-04 21:13:24.191908,2025-01-04 21:14:42.758716,0 days 00:01:18.566808,209,sqrt,194,74,1705,COMPLETE
71,0.6285726734053677,2025-01-04 21:13:28.012253,2025-01-04 21:14:46.939410,0 days 00:01:18.927157,680,sqrt,200,73,1661,COMPLETE
72,0.9077059370280004,2025-01-04 21:13:30.244300,2025-01-04 21:16:54.983215,0 days 00:03:24.738915,214,sqrt,85,92,1867,COMPLETE
73,0.6285726734053677,2025-01-04 21:13:31.157000,2025-01-04 21:14:45.452277,0 days 00:01:14.295277,213,sqrt,184,79,1591,COMPLETE
74,0.907720460090624,2025-01-04 21:13:33.768174,2025-01-04 21:16:36.287210,0 days 00:03:02.519036,215,sqrt,91,71,1689,COMPLETE
75,0.6285726734053677,2025-01-04 21:13:39.382205,2025-01-04 21:15:04.955376,0 days 00:01:25.573171,210,sqrt,190,86,1822,COMPLETE
76,0.6285726734053677,2025-01-04 21:13:47.190212,2025-01-04 21:15:12.669142,0 days 00:01:25.478930,827,sqrt,182,98,1810,COMPLETE
77,0.6285726734053677,2025-01-04 21:13:49.360379,2025-01-04 21:14:57.179997,0 days 00:01:07.819618,202,sqrt,29,334,1460,COMPLETE
78,0.6285726734053677,2025-01-04 21:13:50.084021,2025-01-04 21:15:10.510552,0 days 00:01:20.426531,829,,203,334,1715,COMPLETE
79,0.9142267921459277,2025-01-04 21:13:52.559565,2025-01-04 21:17:45.352894,0 days 00:03:52.793329,851,,38,68,1820,COMPLETE
80,0.6285726734053677,2025-01-04 21:14:00.098331,2025-01-04 21:15:29.931946,0 days 00:01:29.833615,587,,354,96,1885,COMPLETE
81,0.6285726734053677,2025-01-04 21:14:04.122028,2025-01-04 21:15:33.251940,0 days 00:01:29.129912,823,sqrt,348,340,1876,COMPLETE
82,0.6285726734053677,2025-01-04 21:14:25.564340,2025-01-04 21:15:44.152360,0 days 00:01:18.588020,835,sqrt,495,335,1690,COMPLETE
83,0.6285726734053677,2025-01-04 21:14:31.385710,2025-01-04 21:15:50.397706,0 days 00:01:19.011996,601,,349,87,1761,COMPLETE
84,0.6285726734053677,2025-01-04 21:14:32.551820,2025-01-04 21:15:57.268826,0 days 00:01:24.717006,333,,186,358,1766,COMPLETE
85,0.6285726734053677,2025-01-04 21:14:42.771824,2025-01-04 21:16:56.324290,0 days 00:02:13.552466,590,,250,374,2836,COMPLETE
86,0.6285726734053677,2025-01-04 21:14:45.483755,2025-01-04 21:16:59.592205,0 days 00:02:14.108450,613,,1,338,2850,COMPLETE
87,0.6285726734053677,2025-01-04 21:14:45.829774,2025-01-04 21:17:32.066285,0 days 00:02:46.236511,827,,238,351,3536,COMPLETE
88,0.6285726734053677,2025-01-04 21:14:46.971083,2025-01-04 21:16:52.209074,0 days 00:02:05.237991,817,,7,346,2662,COMPLETE
89,0.6285726734053677,2025-01-04 21:14:57.193530,2025-01-04 21:17:08.887836,0 days 00:02:11.694306,819,,236,233,2846,COMPLETE
90,0.6285726734053677,2025-01-04 21:15:04.971102,2025-01-04 21:17:03.332198,0 days 00:01:58.361096,822,,229,234,2598,COMPLETE
91,0.6285726734053677,2025-01-04 21:15:10.532666,2025-01-04 21:17:25.042018,0 days 00:02:14.509352,954,,10,237,2916,COMPLETE
92,0.6285726734053677,2025-01-04 21:15:12.685266,2025-01-04 21:17:29.145801,0 days 00:02:16.460535,977,,1,205,2884,COMPLETE
93,0.6285726734053677,2025-01-04 21:15:29.931946,2025-01-04 21:17:38.885012,0 days 00:02:08.953066,960,,11,236,2817,COMPLETE
94,0.9097972580457766,2025-01-04 21:15:33.267739,2025-01-04 21:19:09.697048,0 days 00:03:36.429309,988,,1,192,2853,COMPLETE
95,0.8790664575345649,2025-01-04 21:15:44.168060,2025-01-04 21:18:39.673301,0 days 00:02:55.505241,995,,10,196,2857,COMPLETE
96,0.6285726734053677,2025-01-04 21:15:45.005829,2025-01-04 21:17:49.772460,0 days 00:02:04.766631,966,,1,207,2746,COMPLETE
97,0.6285726734053677,2025-01-04 21:15:50.413393,2025-01-04 21:18:31.271886,0 days 00:02:40.858493,986,,2,208,3571,COMPLETE
98,0.6285726734053677,2025-01-04 21:15:57.284524,2025-01-04 21:18:06.795861,0 days 00:02:09.511337,1000,,250,230,2809,COMPLETE
99,0.6285726734053677,2025-01-04 21:16:26.342248,2025-01-04 21:18:30.920711,0 days 00:02:04.578463,98,,1,241,2813,COMPLETE
100,0.6285726734053677,2025-01-04 21:16:36.287210,2025-01-04 21:18:52.426640,0 days 00:02:16.139430,987,,3,222,3011,COMPLETE
101,0.6285726734053677,2025-01-04 21:16:52.224707,2025-01-04 21:18:57.921559,0 days 00:02:05.696852,972,,3,216,2971,COMPLETE
102,0.6285726734053677,2025-01-04 21:16:55.002541,2025-01-04 21:19:05.134754,0 days 00:02:10.132213,161,sqrt,225,191,3051,COMPLETE
103,0.6285726734053677,2025-01-04 21:16:56.340173,2025-01-04 21:19:34.446197,0 days 00:02:38.106024,161,sqrt,34,201,3630,COMPLETE
104,0.6285726734053677,2025-01-04 21:16:59.614221,2025-01-04 21:19:22.705951,0 days 00:02:23.091730,96,sqrt,21,208,3448,COMPLETE
105,0.9097827349831533,2025-01-04 21:17:03.348021,2025-01-04 21:21:42.864110,0 days 00:04:39.516089,156,sqrt,42,185,3758,COMPLETE
106,0.6285726734053677,2025-01-04 21:17:08.903595,2025-01-04 21:18:47.030978,0 days 00:01:38.127383,260,sqrt,40,206,2326,COMPLETE
107,0.6285726734053677,2025-01-04 21:17:25.057750,2025-01-04 21:21:16.615939,0 days 00:03:51.558189,92,sqrt,45,200,5973,COMPLETE
108,0.9119757174392936,2025-01-04 21:17:27.600587,2025-01-04 21:20:15.549620,0 days 00:02:47.949033,1000,sqrt,36,186,2103,COMPLETE
109,0.9097972580457766,2025-01-04 21:17:29.152992,2025-01-04 21:18:11.528864,0 days 00:00:42.375872,104,sqrt,44,172,422,COMPLETE
110,0.9119757174392936,2025-01-04 21:17:32.066285,2025-01-04 21:23:51.092710,0 days 00:06:19.026425,165,sqrt,38,187,5992,COMPLETE
111,0.6285726734053677,2025-01-04 21:17:38.900679,2025-01-04 21:18:01.133895,0 days 00:00:22.233216,162,sqrt,38,939,491,COMPLETE
112,0.9097972580457766,2025-01-04 21:17:45.361976,2025-01-04 21:20:32.595092,0 days 00:02:47.233116,153,sqrt,36,183,2107,COMPLETE
113,0.9053822470082492,2025-01-04 21:17:47.170079,2025-01-04 21:18:17.475295,0 days 00:00:30.305216,111,sqrt,34,184,316,COMPLETE
114,0.6285726734053677,2025-01-04 21:17:49.837015,2025-01-04 21:19:18.174755,0 days 00:01:28.337740,83,sqrt,39,291,2169,COMPLETE
115,0.9097972580457766,2025-01-04 21:18:01.222925,2025-01-04 21:20:46.940152,0 days 00:02:45.717227,250,sqrt,25,177,2091,COMPLETE
116,0.6285726734053677,2025-01-04 21:18:06.811526,2025-01-04 21:19:29.688056,0 days 00:01:22.876530,136,sqrt,284,285,2114,COMPLETE
117,0.9097972580457766,2025-01-04 21:18:10.542305,2025-01-04 21:20:59.892957,0 days 00:02:49.350652,260,sqrt,21,174,2199,COMPLETE
118,0.6285726734053677,2025-01-04 21:18:11.539939,2025-01-04 21:19:39.430156,0 days 00:01:27.890217,101,sqrt,21,284,2347,COMPLETE
119,0.6285726734053677,2025-01-04 21:18:16.418598,2025-01-04 21:19:43.490479,0 days 00:01:27.071881,103,sqrt,20,272,2324,COMPLETE
120,0.9053822470082492,2025-01-04 21:18:17.475295,2025-01-04 21:18:47.920762,0 days 00:00:30.445467,114,sqrt,20,176,319,COMPLETE
121,0.9164052515394446,2025-01-04 21:18:30.920711,2025-01-04 21:19:01.686991,0 days 00:00:30.766280,59,sqrt,24,123,285,COMPLETE
122,0.6285726734053677,2025-01-04 21:18:31.283482,2025-01-04 21:23:15.290313,0 days 00:04:44.006831,67,sqrt,30,274,9946,COMPLETE
123,0.9097972580457766,2025-01-04 21:18:39.685417,2025-01-04 21:21:17.346872,0 days 00:02:37.661455,50,sqrt,24,166,2141,COMPLETE
124,0.9097827349831533,2025-01-04 21:18:44.290895,2025-01-04 21:20:18.159449,0 days 00:01:33.868554,67,sqrt,22,162,1227,COMPLETE
125,0.9097972580457766,2025-01-04 21:18:47.044020,2025-01-04 21:21:18.578805,0 days 00:02:31.534785,136,sqrt,21,175,2108,COMPLETE
126,0.6285726734053677,2025-01-04 21:18:47.926800,2025-01-04 21:19:00.529038,0 days 00:00:12.602238,82,sqrt,22,273,293,COMPLETE
127,0.6285726734053677,2025-01-04 21:18:52.443650,2025-01-04 21:19:04.201621,0 days 00:00:11.757971,58,sqrt,23,275,280,COMPLETE
128,0.6285726734053677,2025-01-04 21:18:57.937307,2025-01-04 21:19:13.406723,0 days 00:00:15.469416,134,sqrt,24,276,400,COMPLETE
129,0.9097972580457766,2025-01-04 21:19:00.534082,2025-01-04 21:21:29.955196,0 days 00:02:29.421114,132,sqrt,20,174,2137,COMPLETE
130,0.9075897525270129,2025-01-04 21:19:01.693091,2025-01-04 21:19:40.152563,0 days 00:00:38.459472,64,sqrt,19,170,521,COMPLETE
131,0.901083420471709,2025-01-04 21:19:04.211711,2025-01-04 21:20:34.438556,0 days 00:01:30.226845,115,sqrt,78,159,1221,COMPLETE
132,0.9033054490530964,2025-01-04 21:19:05.150510,2025-01-04 21:20:39.600305,0 days 00:01:34.449795,128,sqrt,83,124,1296,COMPLETE
133,0.9033199721157198,2025-01-04 21:19:06.361812,2025-01-04 21:20:38.104551,0 days 00:01:31.742739,134,sqrt,85,164,1252,COMPLETE
134,0.901083420471709,2025-01-04 21:19:09.724606,2025-01-04 21:20:35.178886,0 days 00:01:25.454280,140,sqrt,81,162,1186,COMPLETE
135,0.8988904380155688,2025-01-04 21:19:13.429054,2025-01-04 21:20:43.826934,0 days 00:01:30.397880,26,sqrt,79,162,1252,COMPLETE
136,0.901083420471709,2025-01-04 21:19:18.174755,2025-01-04 21:20:47.757271,0 days 00:01:29.582516,50,sqrt,81,169,1249,COMPLETE
137,0.9077059370280004,2025-01-04 21:19:22.724224,2025-01-04 21:19:23.385560,0 days 00:00:00.661336,186,sqrt,87,118,5,COMPLETE
138,0.9010688974090857,2025-01-04 21:19:23.399602,2025-01-04 21:20:52.793850,0 days 00:01:29.394248,113,sqrt,77,118,1268,COMPLETE
139,0.9010979435343326,2025-01-04 21:19:29.703761,2025-01-04 21:20:09.028340,0 days 00:00:39.324579,180,sqrt,81,161,565,COMPLETE
140,0.9142994074590449,2025-01-04 21:19:34.461920,2025-01-04 21:19:36.048296,0 days 00:00:01.586376,183,sqrt,77,170,20,COMPLETE
141,0.9142994074590449,2025-01-04 21:19:36.066110,2025-01-04 21:19:41.175077,0 days 00:00:05.108967,191,sqrt,84,124,71,COMPLETE
142,0.9054839084466133,2025-01-04 21:19:39.445887,2025-01-04 21:19:41.316171,0 days 00:00:01.870284,187,sqrt,85,51,25,COMPLETE
143,0.9010979435343326,2025-01-04 21:19:40.152563,2025-01-04 21:21:08.299144,0 days 00:01:28.146581,47,sqrt,82,52,1252,COMPLETE
144,0.9055129545718602,2025-01-04 21:19:41.175077,2025-01-04 21:19:47.008119,0 days 00:00:05.833042,177,sqrt,81,127,81,COMPLETE
145,0.6285726734053677,2025-01-04 21:19:41.316171,2025-01-04 21:20:21.374676,0 days 00:00:40.058505,246,sqrt,102,120,1243,COMPLETE
146,0.8988759149529453,2025-01-04 21:19:43.501397,2025-01-04 21:20:57.165039,0 days 00:01:13.663642,270,sqrt,74,123,1028,COMPLETE
147,0.6285726734053677,2025-01-04 21:19:47.027445,2025-01-04 21:20:24.259870,0 days 00:00:37.232425,864,sqrt,104,117,1148,COMPLETE
148,0.9164778668525618,2025-01-04 21:20:09.043976,2025-01-04 21:21:12.202167,0 days 00:01:03.158191,39,sqrt,96,118,1269,COMPLETE
149,0.6285726734053677,2025-01-04 21:20:15.565296,2025-01-04 21:20:56.889182,0 days 00:00:41.323886,270,sqrt,101,114,1299,COMPLETE
150,0.6285726734053677,2025-01-04 21:20:18.175361,2025-01-04 21:20:54.162470,0 days 00:00:35.987109,40,sqrt,110,141,1186,COMPLETE
151,0.9076187986522598,2025-01-04 21:20:21.374676,2025-01-04 21:21:49.320164,0 days 00:01:27.945488,38,sqrt,59,2,1235,COMPLETE
152,0.9076333217148832,2025-01-04 21:20:24.259870,2025-01-04 21:21:55.166627,0 days 00:01:30.906757,20,sqrt,62,61,1355,COMPLETE
153,0.9098117811084001,2025-01-04 21:20:32.610799,2025-01-04 21:22:08.381141,0 days 00:01:35.770342,544,sqrt,59,58,1375,COMPLETE
154,0.9076333217148832,2025-01-04 21:20:34.454189,2025-01-04 21:21:32.795927,0 days 00:00:58.341738,40,sqrt,63,53,871,COMPLETE
155,0.9120192866271638,2025-01-04 21:20:35.194625,2025-01-04 21:30:39.698000,0 days 00:10:04.503375,934,sqrt,56,48,9991,COMPLETE
156,0.9098117811084001,2025-01-04 21:20:38.119083,2025-01-04 21:21:42.893279,0 days 00:01:04.774196,927,sqrt,57,59,911,COMPLETE
157,0.9098117811084001,2025-01-04 21:20:39.600305,2025-01-04 21:21:46.546532,0 days 00:01:06.946227,25,sqrt,56,56,953,COMPLETE
158,0.9098117811084001,2025-01-04 21:20:43.842570,2025-01-04 21:21:42.253422,0 days 00:00:58.410852,788,sqrt,59,54,848,COMPLETE
159,0.9098117811084001,2025-01-04 21:20:46.940152,2025-01-04 21:21:48.333392,0 days 00:01:01.393240,45,sqrt,58,55,915,COMPLETE
160,0.9098117811084001,2025-01-04 21:20:47.774418,2025-01-04 21:21:57.848103,0 days 00:01:10.073685,931,sqrt,58,61,1019,COMPLETE
161,0.9098117811084001,2025-01-04 21:20:52.809850,2025-01-04 21:21:55.716369,0 days 00:01:02.906519,313,sqrt,52,54,885,COMPLETE
162,0.9098117811084001,2025-01-04 21:20:54.175581,2025-01-04 21:21:52.972691,0 days 00:00:58.797110,305,sqrt,58,56,844,COMPLETE
163,0.9098117811084001,2025-01-04 21:20:56.894214,2025-01-04 21:22:02.392130,0 days 00:01:05.497916,932,sqrt,55,54,941,COMPLETE
164,0.9098117811084001,2025-01-04 21:20:57.177140,2025-01-04 21:23:13.419419,0 days 00:02:16.242279,647,sqrt,59,52,1996,COMPLETE
165,0.9120047635645405,2025-01-04 21:20:59.908644,2025-01-04 21:21:59.587203,0 days 00:00:59.678559,937,sqrt,52,60,866,COMPLETE
166,0.9076042755896362,2025-01-04 21:21:08.315190,2025-01-04 21:22:03.131496,0 days 00:00:54.816306,932,sqrt,60,144,924,COMPLETE
167,0.9098117811084001,2025-01-04 21:21:12.202167,2025-01-04 21:22:06.519187,0 days 00:00:54.317020,856,sqrt,58,10,779,COMPLETE
168,0.9098117811084001,2025-01-04 21:21:13.348473,2025-01-04 21:22:11.887584,0 days 00:00:58.539111,915,sqrt,56,13,825,COMPLETE
169,0.9098117811084001,2025-01-04 21:21:16.626032,2025-01-04 21:22:13.994967,0 days 00:00:57.368935,935,sqrt,55,20,837,COMPLETE
170,0.9076187986522598,2025-01-04 21:21:17.362638,2025-01-04 21:23:38.742386,0 days 00:02:21.379748,9,sqrt,57,12,2080,COMPLETE
171,0.9120192866271638,2025-01-04 21:21:18.578805,2025-01-04 21:31:07.361905,0 days 00:09:48.783100,533,sqrt,56,30,9999,COMPLETE
172,0.9098117811084001,2025-01-04 21:21:29.971184,2025-01-04 21:22:32.121684,0 days 00:01:02.150500,940,sqrt,56,6,924,COMPLETE
173,0.9098263041710236,2025-01-04 21:21:32.807068,2025-01-04 21:24:14.169025,0 days 00:02:41.361957,936,sqrt,60,34,2508,COMPLETE
174,0.9098117811084001,2025-01-04 21:21:42.269192,2025-01-04 21:22:26.099879,0 days 00:00:43.830687,921,sqrt,55,10,641,COMPLETE
175,0.9098117811084001,2025-01-04 21:21:42.871150,2025-01-04 21:22:33.443140,0 days 00:00:50.571990,313,sqrt,53,4,733,COMPLETE
176,0.9141977460206808,2025-01-04 21:21:42.906367,2025-01-04 21:22:27.106347,0 days 00:00:44.199980,915,sqrt,51,24,637,COMPLETE
177,0.9098117811084001,2025-01-04 21:21:46.546532,2025-01-04 21:22:37.913726,0 days 00:00:51.367194,923,sqrt,57,12,753,COMPLETE
178,0.9098117811084001,2025-01-04 21:21:48.340392,2025-01-04 21:22:35.693291,0 days 00:00:47.352899,8,sqrt,55,10,703,COMPLETE
179,0.9098117811084001,2025-01-04 21:21:49.320164,2025-01-04 21:22:36.433954,0 days 00:00:47.113790,927,sqrt,55,33,676,COMPLETE
180,0.9098117811084001,2025-01-04 21:21:52.988387,2025-01-04 21:22:44.309605,0 days 00:00:51.321218,336,sqrt,53,23,734,COMPLETE
181,0.9141977460206808,2025-01-04 21:21:55.182542,2025-01-04 21:22:41.992614,0 days 00:00:46.810072,932,sqrt,48,28,672,COMPLETE
182,0.9120047635645405,2025-01-04 21:21:55.730405,2025-01-04 21:22:44.089213,0 days 00:00:48.358808,929,sqrt,51,24,690,COMPLETE
183,0.9098117811084001,2025-01-04 21:21:57.863755,2025-01-04 21:22:49.757301,0 days 00:00:51.893546,914,sqrt,56,32,761,COMPLETE
184,0.9120047635645405,2025-01-04 21:21:59.592858,2025-01-04 21:22:39.268646,0 days 00:00:39.675788,918,sqrt,51,39,574,COMPLETE
185,0.8988759149529453,2025-01-04 21:22:02.407801,2025-01-04 21:22:46.919607,0 days 00:00:44.511806,888,sqrt,68,27,735,COMPLETE
186,0.9054403392587429,2025-01-04 21:22:03.139533,2025-01-04 21:22:42.476304,0 days 00:00:39.336771,903,sqrt,68,27,652,COMPLETE
187,0.9186127570582084,2025-01-04 21:22:06.519187,2025-01-04 21:22:44.899010,0 days 00:00:38.379823,890,sqrt,48,91,553,COMPLETE
188,0.9120047635645405,2025-01-04 21:22:08.388179,2025-01-04 21:22:51.146418,0 days 00:00:42.758239,900,sqrt,48,23,622,COMPLETE
189,0.8988613918903218,2025-01-04 21:22:11.887584,2025-01-04 21:22:47.761244,0 days 00:00:35.873660,794,sqrt,69,40,594,COMPLETE
190,0.8988613918903218,2025-01-04 21:22:13.077163,2025-01-04 21:22:51.299961,0 days 00:00:38.222798,5,sqrt,69,33,636,COMPLETE
191,0.9054403392587429,2025-01-04 21:22:14.004030,2025-01-04 21:23:42.434084,0 days 00:01:28.430054,793,sqrt,68,35,1507,COMPLETE
192,0.9142122690833042,2025-01-04 21:22:26.105919,2025-01-04 21:24:04.317165,0 days 00:01:38.211246,782,sqrt,45,95,1489,COMPLETE
193,0.8944609039154177,2025-01-04 21:22:27.114347,2025-01-04 21:23:54.982622,0 days 00:01:27.868275,893,sqrt,71,33,1533,COMPLETE
194,0.9120192866271638,2025-01-04 21:22:32.121684,2025-01-04 21:24:13.834298,0 days 00:01:41.712614,788,sqrt,47,99,1523,COMPLETE
195,0.9054403392587429,2025-01-04 21:22:33.458881,2025-01-04 21:24:00.612104,0 days 00:01:27.153223,785,sqrt,68,36,1529,COMPLETE
196,0.9142267921459277,2025-01-04 21:22:35.693291,2025-01-04 21:24:17.263554,0 days 00:01:41.570263,896,sqrt,36,35,1479,COMPLETE
197,0.6285726734053677,2025-01-04 21:22:36.433954,2025-01-04 21:23:16.438781,0 days 00:00:40.004827,884,sqrt,123,98,1527,COMPLETE
198,0.9120338096897874,2025-01-04 21:22:37.929365,2025-01-04 21:24:09.462938,0 days 00:01:31.533573,640,sqrt,66,95,1599,COMPLETE
199,0.9032473568026025,2025-01-04 21:22:39.284287,2025-01-04 21:24:05.381178,0 days 00:01:26.096891,885,sqrt,69,90,1536,COMPLETE
200,0.9054403392587429,2025-01-04 21:22:41.992614,2025-01-04 21:24:08.305263,0 days 00:01:26.312649,889,sqrt,67,92,1510,COMPLETE
201,0.925206227489253,2025-01-04 21:22:42.491975,2025-01-04 21:24:24.249020,0 days 00:01:41.757045,460,sqrt,34,92,1530,COMPLETE
202,0.925206227489253,2025-01-04 21:22:44.120738,2025-01-04 21:24:24.899649,0 days 00:01:40.778911,891,sqrt,34,92,1528,COMPLETE
203,0.9186127570582084,2025-01-04 21:22:44.325332,2025-01-04 21:23:00.964605,0 days 00:00:16.639273,890,sqrt,32,93,239,COMPLETE
204,0.9208057395143489,2025-01-04 21:22:44.914747,2025-01-04 21:24:26.016035,0 days 00:01:41.101288,888,sqrt,35,95,1513,COMPLETE
205,0.9142122690833042,2025-01-04 21:22:46.919607,2025-01-04 21:23:06.797599,0 days 00:00:19.877992,542,sqrt,37,84,282,COMPLETE
206,0.9141977460206808,2025-01-04 21:22:47.761244,2025-01-04 21:23:10.441309,0 days 00:00:22.680065,891,sqrt,35,88,315,COMPLETE
207,0.9185982339955849,2025-01-04 21:22:49.793351,2025-01-04 21:23:23.330531,0 days 00:00:33.537180,887,sqrt,33,83,463,COMPLETE
208,0.9186127570582084,2025-01-04 21:22:51.153610,2025-01-04 21:23:04.865654,0 days 00:00:13.712044,880,sqrt,36,92,187,COMPLETE
209,0.925206227489253,2025-01-04 21:22:51.315682,2025-01-04 21:24:33.264286,0 days 00:01:41.948604,892,sqrt,34,92,1548,COMPLETE
210,0.9142122690833042,2025-01-04 21:23:00.977780,2025-01-04 21:23:15.356968,0 days 00:00:14.379188,651,sqrt,32,90,196,COMPLETE
211,0.9142122690833042,2025-01-04 21:23:04.882739,2025-01-04 21:23:18.842346,0 days 00:00:13.959607,884,sqrt,32,94,196,COMPLETE
212,0.9120192866271638,2025-01-04 21:23:06.802599,2025-01-04 21:23:20.406945,0 days 00:00:13.604346,888,sqrt,41,95,188,COMPLETE
213,0.9164052515394445,2025-01-04 21:23:09.917836,2025-01-04 21:23:23.959877,0 days 00:00:14.042041,892,sqrt,33,81,196,COMPLETE
214,0.9186127570582084,2025-01-04 21:23:10.451392,2025-01-04 21:23:21.903428,0 days 00:00:11.452036,884,sqrt,34,88,160,COMPLETE
215,0.9164052515394446,2025-01-04 21:23:13.425420,2025-01-04 21:23:28.985996,0 days 00:00:15.560576,889,sqrt,38,94,225,COMPLETE
216,0.9186127570582084,2025-01-04 21:23:15.298313,2025-01-04 21:23:27.135889,0 days 00:00:11.837576,882,sqrt,37,91,184,COMPLETE
217,0.9164052515394446,2025-01-04 21:23:15.365968,2025-01-04 21:23:29.051769,0 days 00:00:13.685801,884,sqrt,34,89,207,COMPLETE
218,0.9208057395143489,2025-01-04 21:23:16.448781,2025-01-04 21:23:29.390455,0 days 00:00:12.941674,866,sqrt,35,89,191,COMPLETE
219,0.9185982339955849,2025-01-04 21:23:18.852849,2025-01-04 21:23:27.385102,0 days 00:00:08.532253,868,sqrt,40,84,128,COMPLETE
220,0.9164052515394446,2025-01-04 21:23:20.414945,2025-01-04 21:23:33.160524,0 days 00:00:12.745579,856,sqrt,35,91,198,COMPLETE
221,0.9186127570582084,2025-01-04 21:23:21.914428,2025-01-04 21:23:35.932662,0 days 00:00:14.018234,849,sqrt,35,91,223,COMPLETE
222,0.9185982339955849,2025-01-04 21:23:23.336532,2025-01-04 21:23:35.511620,0 days 00:00:12.175088,859,sqrt,35,96,195,COMPLETE
223,0.9186127570582084,2025-01-04 21:23:23.965877,2025-01-04 21:23:35.309918,0 days 00:00:11.344041,862,sqrt,36,88,184,COMPLETE
224,0.9185982339955849,2025-01-04 21:23:27.147496,2025-01-04 21:23:41.191768,0 days 00:00:14.044272,853,sqrt,30,80,209,COMPLETE
225,0.9164197746020681,2025-01-04 21:23:27.406155,2025-01-04 21:23:37.027367,0 days 00:00:09.621212,850,sqrt,31,82,152,COMPLETE
226,0.9186272801208318,2025-01-04 21:23:28.994095,2025-01-04 21:23:38.648829,0 days 00:00:09.654734,855,sqrt,32,101,155,COMPLETE
227,0.9142122690833042,2025-01-04 21:23:29.062771,2025-01-04 21:23:42.185055,0 days 00:00:13.122284,860,sqrt,31,102,200,COMPLETE
228,0.9186272801208318,2025-01-04 21:23:29.424645,2025-01-04 21:23:39.719098,0 days 00:00:10.294453,853,sqrt,31,103,162,COMPLETE
229,0.9185982339955849,2025-01-04 21:23:33.166524,2025-01-04 21:23:40.976166,0 days 00:00:07.809642,852,sqrt,32,80,112,COMPLETE
230,0.9120047635645405,2025-01-04 21:23:35.322072,2025-01-04 21:23:36.985699,0 days 00:00:01.663627,849,sqrt,31,105,24,COMPLETE
231,0.9340507726269315,2025-01-04 21:23:35.523735,2025-01-04 21:23:44.529712,0 days 00:00:09.005977,851,sqrt,13,106,129,COMPLETE
232,0.9208928778900894,2025-01-04 21:23:35.942181,2025-01-04 21:23:37.271747,0 days 00:00:01.329566,854,sqrt,11,107,17,COMPLETE
233,0.9230858603462297,2025-01-04 21:23:37.006748,2025-01-04 21:23:39.091466,0 days 00:00:02.084718,872,sqrt,11,78,22,COMPLETE
234,0.9340507726269315,2025-01-04 21:23:37.033366,2025-01-04 21:24:07.138104,0 days 00:00:30.104738,864,sqrt,13,82,433,COMPLETE
235,0.9318577901707913,2025-01-04 21:23:37.278747,2025-01-04 21:24:04.785448,0 days 00:00:27.506701,866,sqrt,13,83,398,COMPLETE
236,0.9296502846520275,2025-01-04 21:23:38.654829,2025-01-04 21:24:07.958308,0 days 00:00:29.303479,867,sqrt,9,105,433,COMPLETE
237,0.9318432671081678,2025-01-04 21:23:38.742386,2025-01-04 21:24:03.318484,0 days 00:00:24.576098,866,sqrt,13,107,371,COMPLETE
238,0.9318432671081678,2025-01-04 21:23:39.140019,2025-01-04 21:24:09.357342,0 days 00:00:30.217323,867,sqrt,13,105,467,COMPLETE
239,0.9340507726269315,2025-01-04 21:23:39.733099,2025-01-04 21:24:09.437248,0 days 00:00:29.704149,869,sqrt,11,79,415,COMPLETE
240,0.9318432671081678,2025-01-04 21:23:41.010232,2025-01-04 21:24:07.816459,0 days 00:00:26.806227,868,sqrt,12,106,416,COMPLETE
241,0.9163907284768212,2025-01-04 21:23:41.215682,2025-01-04 21:24:05.255261,0 days 00:00:24.039579,866,sqrt,11,135,440,COMPLETE
242,0.9076042755896362,2025-01-04 21:23:42.193129,2025-01-04 21:24:06.233080,0 days 00:00:24.039951,844,sqrt,9,139,436,COMPLETE
243,0.9163907284768212,2025-01-04 21:23:42.442198,2025-01-04 21:24:05.790877,0 days 00:00:23.348679,867,sqrt,11,134,420,COMPLETE
244,0.9340507726269315,2025-01-04 21:23:44.540712,2025-01-04 21:24:14.565371,0 days 00:00:30.024659,842,sqrt,11,80,435,COMPLETE
245,0.9318432671081678,2025-01-04 21:23:51.109462,2025-01-04 21:24:21.013846,0 days 00:00:29.904384,844,sqrt,14,76,412,COMPLETE
246,0.9318432671081678,2025-01-04 21:23:54.990622,2025-01-04 21:24:23.109632,0 days 00:00:28.119010,839,sqrt,12,75,398,COMPLETE
247,0.9318432671081678,2025-01-04 21:24:00.621104,2025-01-04 21:24:25.275013,0 days 00:00:24.653909,836,sqrt,13,76,352,COMPLETE
248,0.9318432671081678,2025-01-04 21:24:03.323484,2025-01-04 21:24:33.138292,0 days 00:00:29.814808,841,sqrt,12,73,415,COMPLETE
249,0.9318432671081678,2025-01-04 21:24:04.320166,2025-01-04 21:24:34.518026,0 days 00:00:30.197860,848,sqrt,13,72,434,COMPLETE
250,0.9098117811084001,2025-01-04 21:24:04.794483,2025-01-04 21:24:31.497777,0 days 00:00:26.703294,839,sqrt,9,139,477,COMPLETE
251,0.9318432671081678,2025-01-04 21:24:05.255261,2025-01-04 21:24:34.662718,0 days 00:00:29.407457,838,sqrt,16,71,431,COMPLETE
252,0.9340362495643082,2025-01-04 21:24:05.399419,2025-01-04 21:24:34.078828,0 days 00:00:28.679409,839,sqrt,13,71,402,COMPLETE
253,0.9165359591030556,2025-01-04 21:24:05.806616,2025-01-04 21:24:06.390583,0 days 00:00:00.583967,837,sqrt,12,112,5,COMPLETE
254,0.9340362495643081,2025-01-04 21:24:06.248877,2025-01-04 21:24:36.378674,0 days 00:00:30.129797,836,sqrt,10,73,424,COMPLETE
255,0.9231003834088533,2025-01-04 21:24:06.406214,2025-01-04 21:24:07.769250,0 days 00:00:01.363036,832,sqrt,12,75,16,COMPLETE
256,0.9318432671081678,2025-01-04 21:24:07.153797,2025-01-04 21:24:37.589749,0 days 00:00:30.435952,819,sqrt,13,73,451,COMPLETE
257,0.9340362495643082,2025-01-04 21:24:07.786310,2025-01-04 21:24:32.508486,0 days 00:00:24.722176,809,sqrt,13,72,348,COMPLETE
258,0.9340362495643082,2025-01-04 21:24:07.832168,2025-01-04 21:24:34.303188,0 days 00:00:26.471020,813,sqrt,14,70,374,COMPLETE
259,0.9318432671081678,2025-01-04 21:24:07.974094,2025-01-04 21:24:38.504390,0 days 00:00:30.530296,824,sqrt,13,74,438,COMPLETE
260,0.9340362495643081,2025-01-04 21:24:08.305263,2025-01-04 21:24:34.914779,0 days 00:00:26.609516,810,sqrt,14,110,435,COMPLETE
261,0.9318432671081678,2025-01-04 21:24:09.357342,2025-01-04 21:24:39.212950,0 days 00:00:29.855608,815,sqrt,14,75,439,COMPLETE
262,0.9318432671081678,2025-01-04 21:24:09.442248,2025-01-04 21:24:39.606977,0 days 00:00:30.164729,813,sqrt,13,68,426,COMPLETE
263,0.9340362495643082,2025-01-04 21:24:09.474044,2025-01-04 21:24:37.694970,0 days 00:00:28.220926,813,sqrt,15,69,411,COMPLETE
264,0.9318432671081678,2025-01-04 21:24:13.840514,2025-01-04 21:24:45.125807,0 days 00:00:31.285293,810,sqrt,13,73,447,COMPLETE
265,0.9318432671081678,2025-01-04 21:24:14.179163,2025-01-04 21:24:43.314529,0 days 00:00:29.135366,811,sqrt,14,73,426,COMPLETE
266,0.9318432671081678,2025-01-04 21:24:14.579566,2025-01-04 21:24:43.235928,0 days 00:00:28.656362,807,sqrt,15,70,418,COMPLETE
267,0.9340362495643082,2025-01-04 21:24:17.279262,2025-01-04 21:24:44.495345,0 days 00:00:27.216083,817,sqrt,13,71,393,COMPLETE
268,0.9274427791332635,2025-01-04 21:24:21.013846,2025-01-04 21:24:52.019489,0 days 00:00:31.005643,830,sqrt,17,68,463,COMPLETE
269,0.6285726734053677,2025-01-04 21:24:23.121054,2025-01-04 21:24:33.107019,0 days 00:00:09.985965,825,sqrt,12,460,432,COMPLETE
270,0.9340362495643081,2025-01-04 21:24:24.258019,2025-01-04 21:24:51.625237,0 days 00:00:27.367218,813,sqrt,14,113,451,COMPLETE
271,0.9318432671081678,2025-01-04 21:24:24.899649,2025-01-04 21:24:52.680077,0 days 00:00:27.780428,813,sqrt,10,68,423,COMPLETE
272,0.9296502846520274,2025-01-04 21:24:25.290681,2025-01-04 21:24:55.495656,0 days 00:00:30.204975,809,sqrt,14,70,461,COMPLETE
273,0.9340507726269315,2025-01-04 21:24:26.031686,2025-01-04 21:25:00.120288,0 days 00:00:34.088602,446,sqrt,13,64,508,COMPLETE
274,0.9318432671081678,2025-01-04 21:24:27.562756,2025-01-04 21:25:01.110697,0 days 00:00:33.547941,814,sqrt,14,68,513,COMPLETE
275,0.9340362495643081,2025-01-04 21:24:31.497777,2025-01-04 21:24:57.051737,0 days 00:00:25.553960,810,sqrt,15,116,451,COMPLETE
276,0.9318432671081678,2025-01-04 21:24:32.523144,2025-01-04 21:25:03.289786,0 days 00:00:30.766642,459,sqrt,13,69,464,COMPLETE
277,0.9296357615894039,2025-01-04 21:24:33.122826,2025-01-04 21:25:02.817239,0 days 00:00:29.694413,472,sqrt,16,67,452,COMPLETE
278,0.9318432671081678,2025-01-04 21:24:33.153927,2025-01-04 21:25:00.800203,0 days 00:00:27.646276,803,sqrt,14,68,424,COMPLETE
279,0.9340507726269315,2025-01-04 21:24:33.264286,2025-01-04 21:24:59.694762,0 days 00:00:26.430476,809,sqrt,1,62,376,COMPLETE
280,0.9296357615894039,2025-01-04 21:24:34.094481,2025-01-04 21:25:03.714208,0 days 00:00:29.619727,442,sqrt,16,60,437,COMPLETE
281,0.9318432671081678,2025-01-04 21:24:34.303188,2025-01-04 21:25:03.682830,0 days 00:00:29.379642,808,sqrt,14,68,443,COMPLETE
282,0.9296502846520274,2025-01-04 21:24:34.533663,2025-01-04 21:25:03.858303,0 days 00:00:29.324640,808,sqrt,15,68,453,COMPLETE
283,0.9318432671081678,2025-01-04 21:24:34.723688,2025-01-04 21:25:01.247403,0 days 00:00:26.523715,811,sqrt,15,69,428,COMPLETE
284,0.9296502846520275,2025-01-04 21:24:34.916805,2025-01-04 21:25:03.998069,0 days 00:00:29.081264,802,sqrt,1,69,434,COMPLETE
285,0.9318432671081678,2025-01-04 21:24:36.394355,2025-01-04 21:25:11.510048,0 days 00:00:35.115693,454,sqrt,2,65,485,COMPLETE
286,0.9318432671081678,2025-01-04 21:24:37.589749,2025-01-04 21:25:08.331605,0 days 00:00:30.741856,806,sqrt,3,66,448,COMPLETE
287,0.9318432671081678,2025-01-04 21:24:37.701752,2025-01-04 21:25:09.907002,0 days 00:00:32.205250,810,sqrt,3,65,456,COMPLETE
288,0.9362582781456954,2025-01-04 21:24:38.504390,2025-01-04 21:25:13.757497,0 days 00:00:35.253107,807,sqrt,4,60,473,COMPLETE
289,0.9318432671081678,2025-01-04 21:24:39.212950,2025-01-04 21:25:14.533140,0 days 00:00:35.320190,807,sqrt,2,64,478,COMPLETE
290,0.9362582781456954,2025-01-04 21:24:39.623050,2025-01-04 21:25:16.140552,0 days 00:00:36.517502,807,sqrt,1,61,488,COMPLETE
291,0.9318432671081678,2025-01-04 21:24:43.235928,2025-01-04 21:25:18.800942,0 days 00:00:35.565014,763,sqrt,1,65,473,COMPLETE
292,0.9362582781456954,2025-01-04 21:24:43.330203,2025-01-04 21:25:21.521717,0 days 00:00:38.191514,810,sqrt,1,60,495,COMPLETE
293,0.9340507726269315,2025-01-04 21:24:44.511030,2025-01-04 21:25:24.557630,0 days 00:00:40.046600,814,sqrt,2,62,538,COMPLETE
294,0.9384512606018357,2025-01-04 21:24:45.141509,2025-01-04 21:25:27.891617,0 days 00:00:42.750108,753,sqrt,4,49,554,COMPLETE
295,0.9362582781456954,2025-01-04 21:24:51.640899,2025-01-04 21:25:35.811399,0 days 00:00:44.170500,769,sqrt,1,62,570,COMPLETE
296,0.9384512606018357,2025-01-04 21:24:52.035184,2025-01-04 21:25:37.730784,0 days 00:00:45.695600,803,sqrt,5,56,589,COMPLETE
297,0.9450447310328802,2025-01-04 21:24:52.695801,2025-01-04 21:25:32.534245,0 days 00:00:39.838444,766,sqrt,1,48,525,COMPLETE
298,0.9384512606018357,2025-01-04 21:24:55.495656,2025-01-04 21:25:46.111426,0 days 00:00:50.615770,747,sqrt,1,52,626,COMPLETE
299,0.9362292320204485,2025-01-04 21:24:57.051737,2025-01-04 21:25:34.613951,0 days 00:00:37.562214,751,sqrt,3,122,600,COMPLETE
300,0.934065295689555,2025-01-04 21:24:59.712447,2025-01-04 21:25:49.803512,0 days 00:00:50.091065,796,sqrt,2,51,602,COMPLETE
301,0.9384367375392122,2025-01-04 21:25:00.120288,2025-01-04 21:25:46.190426,0 days 00:00:46.070138,771,sqrt,4,124,714,COMPLETE
302,0.9318432671081678,2025-01-04 21:25:00.815838,2025-01-04 21:25:42.034748,0 days 00:00:41.218910,765,sqrt,2,115,606,COMPLETE
303,0.9318432671081678,2025-01-04 21:25:01.110697,2025-01-04 21:29:31.040171,0 days 00:04:29.929474,790,sqrt,2,120,4526,COMPLETE
304,0.9362292320204485,2025-01-04 21:25:01.247403,2025-01-04 21:25:39.022139,0 days 00:00:37.774736,775,sqrt,1,122,598,COMPLETE
305,0.9362292320204485,2025-01-04 21:25:02.832917,2025-01-04 21:25:44.575378,0 days 00:00:41.742461,762,sqrt,1,122,656,COMPLETE
306,0.9340362495643081,2025-01-04 21:25:03.289786,2025-01-04 21:25:44.261114,0 days 00:00:40.971328,778,sqrt,2,120,638,COMPLETE
307,0.9318432671081678,2025-01-04 21:25:03.682830,2025-01-04 21:29:44.512318,0 days 00:04:40.829488,791,sqrt,3,117,4706,COMPLETE
308,0.9340362495643081,2025-01-04 21:25:03.729858,2025-01-04 21:25:44.543909,0 days 00:00:40.814051,771,sqrt,1,120,634,COMPLETE
309,0.9274427791332635,2025-01-04 21:25:03.862310,2025-01-04 21:29:24.914047,0 days 00:04:21.051737,762,sqrt,2,127,4629,COMPLETE
310,0.9340362495643081,2025-01-04 21:25:04.187236,2025-01-04 21:25:47.995667,0 days 00:00:43.808431,779,sqrt,1,117,669,COMPLETE
311,0.6285726734053677,2025-01-04 21:25:08.331605,2025-01-04 21:25:23.708765,0 days 00:00:15.377160,779,sqrt,25,403,679,COMPLETE
312,0.9185982339955849,2025-01-04 21:25:09.922634,2025-01-04 21:29:07.539257,0 days 00:03:57.616623,763,sqrt,24,122,4145,COMPLETE
313,0.9318432671081678,2025-01-04 21:25:11.521383,2025-01-04 21:26:00.239903,0 days 00:00:48.718520,769,sqrt,1,116,759,COMPLETE
314,0.9340362495643081,2025-01-04 21:25:13.760526,2025-01-04 21:25:57.766740,0 days 00:00:44.006214,778,sqrt,1,122,707,COMPLETE
315,0.9340362495643082,2025-01-04 21:25:14.613397,2025-01-04 21:25:55.671999,0 days 00:00:41.058602,757,log2,2,122,678,COMPLETE
316,0.9362292320204485,2025-01-04 21:25:16.142827,2025-01-04 21:25:57.798646,0 days 00:00:41.655819,762,sqrt,3,124,689,COMPLETE
317,0.9163907284768212,2025-01-04 21:25:18.816591,2025-01-04 21:26:02.904966,0 days 00:00:44.088375,416,log2,1,129,758,COMPLETE
318,0.9186127570582084,2025-01-04 21:25:21.541352,2025-01-04 21:26:01.562798,0 days 00:00:40.021446,770,log2,23,122,652,COMPLETE
319,0.9186127570582084,2025-01-04 21:25:23.724480,2025-01-04 21:26:06.133984,0 days 00:00:42.409504,747,log2,23,121,708,COMPLETE
320,0.9274137330080169,2025-01-04 21:25:24.557630,2025-01-04 21:29:47.324646,0 days 00:04:22.767016,754,log2,22,122,4637,COMPLETE
321,0.9340362495643082,2025-01-04 21:25:27.907327,2025-01-04 21:26:09.871671,0 days 00:00:41.964344,747,log2,1,125,704,COMPLETE
322,0.6285726734053677,2025-01-04 21:25:32.534245,2025-01-04 21:27:19.835325,0 days 00:01:47.301080,749,log2,2,594,5098,COMPLETE
323,0.9384657836644591,2025-01-04 21:25:34.629752,2025-01-04 21:30:27.725016,0 days 00:04:53.095264,410,sqrt,2,47,4076,COMPLETE
324,0.9384512606018357,2025-01-04 21:25:35.811399,2025-01-04 21:30:58.824240,0 days 00:05:23.012841,764,log2,4,37,4586,COMPLETE
325,0.9428517485767398,2025-01-04 21:25:37.730784,2025-01-04 21:26:33.172191,0 days 00:00:55.441407,412,log2,1,42,725,COMPLETE
326,0.9406442430579761,2025-01-04 21:25:39.037878,2025-01-04 21:26:33.368526,0 days 00:00:54.330648,748,log2,2,42,727,COMPLETE
327,0.9428517485767398,2025-01-04 21:25:42.039745,2025-01-04 21:26:46.034079,0 days 00:01:03.994334,732,log2,1,43,823,COMPLETE
328,0.9384657836644591,2025-01-04 21:25:44.276935,2025-01-04 21:30:42.562047,0 days 00:04:58.285112,746,sqrt,2,43,4200,COMPLETE
329,0.9450592540955037,2025-01-04 21:25:44.559582,2025-01-04 21:26:59.626210,0 days 00:01:15.066628,763,sqrt,1,43,997,COMPLETE
330,0.9185982339955849,2025-01-04 21:25:44.592875,2025-01-04 21:30:51.441979,0 days 00:05:06.849104,749,sqrt,23,39,4594,COMPLETE
331,0.9406587661205995,2025-01-04 21:25:46.127216,2025-01-04 21:26:59.661363,0 days 00:01:13.534147,738,sqrt,2,29,996,COMPLETE
332,0.9428517485767398,2025-01-04 21:25:46.190426,2025-01-04 21:26:57.723013,0 days 00:01:11.532587,742,sqrt,1,47,949,COMPLETE
333,0.9428517485767398,2025-01-04 21:25:48.011570,2025-01-04 21:26:56.395263,0 days 00:01:08.383693,744,log2,1,44,928,COMPLETE
334,0.9428517485767398,2025-01-04 21:25:49.819316,2025-01-04 21:26:52.632018,0 days 00:01:02.812702,742,log2,1,42,852,COMPLETE
335,0.9428662716393633,2025-01-04 21:25:55.688120,2025-01-04 21:31:23.281355,0 days 00:05:27.593235,755,sqrt,1,48,4618,COMPLETE
336,0.9185982339955849,2025-01-04 21:25:57.782729,2025-01-04 21:27:05.019279,0 days 00:01:07.236550,413,sqrt,23,37,972,COMPLETE
337,0.9185982339955849,2025-01-04 21:25:57.798646,2025-01-04 21:27:09.151078,0 days 00:01:11.352432,736,sqrt,24,44,1033,COMPLETE
338,0.9164052515394446,2025-01-04 21:26:00.239903,2025-01-04 21:26:59.015974,0 days 00:00:58.776071,734,log2,26,50,859,COMPLETE
339,0.9185982339955849,2025-01-04 21:26:01.578689,2025-01-04 21:27:13.417662,0 days 00:01:11.838973,728,sqrt,24,42,1038,COMPLETE
340,0.9185982339955849,2025-01-04 21:26:02.924141,2025-01-04 21:31:10.371072,0 days 00:05:07.446931,725,sqrt,22,39,4593,COMPLETE
341,0.9185982339955849,2025-01-04 21:26:06.133984,2025-01-04 21:30:59.278524,0 days 00:04:53.144540,744,sqrt,24,42,4452,COMPLETE
342,0.9164052515394446,2025-01-04 21:26:09.887309,2025-01-04 21:27:13.310954,0 days 00:01:03.423645,737,sqrt,25,44,919,COMPLETE
343,0.9428517485767398,2025-01-04 21:26:33.180462,2025-01-04 21:27:45.660290,0 days 00:01:12.479828,744,log2,1,44,971,COMPLETE
344,0.9428372255141165,2025-01-04 21:26:33.385926,2025-01-04 21:32:08.137099,0 days 00:05:34.751173,737,log2,1,42,4811,COMPLETE
345,0.9450447310328802,2025-01-04 21:26:46.041982,2025-01-04 21:28:02.496033,0 days 00:01:16.454051,735,log2,1,39,1045,COMPLETE
346,0.9164052515394446,2025-01-04 21:26:52.642032,2025-01-04 21:28:02.474499,0 days 00:01:09.832467,740,log2,23,43,1043,COMPLETE
347,0.9164052515394446,2025-01-04 21:26:56.404282,2025-01-04 21:28:12.081135,0 days 00:01:15.676853,729,log2,22,44,1093,COMPLETE
348,0.9164052515394446,2025-01-04 21:26:57.734143,2025-01-04 21:28:08.554497,0 days 00:01:10.820354,716,log2,24,42,1023,COMPLETE
349,0.9450447310328802,2025-01-04 21:26:59.022973,2025-01-04 21:28:17.534450,0 days 00:01:18.511477,719,log2,1,39,1052,COMPLETE
350,0.9428517485767398,2025-01-04 21:26:59.631236,2025-01-04 21:28:19.743997,0 days 00:01:20.112761,721,log2,1,41,1066,COMPLETE
351,0.9450447310328802,2025-01-04 21:26:59.685881,2025-01-04 21:28:14.985982,0 days 00:01:15.300101,725,log2,1,40,1018,COMPLETE
352,0.6285726734053677,2025-01-04 21:27:05.026198,2025-01-04 21:27:27.069188,0 days 00:00:22.042990,719,log2,389,35,1060,COMPLETE
353,0.9472522365516441,2025-01-04 21:27:09.157153,2025-01-04 21:28:32.175887,0 days 00:01:23.018734,737,log2,1,39,1084,COMPLETE
354,0.9428517485767398,2025-01-04 21:27:13.317966,2025-01-04 21:28:36.920126,0 days 00:01:23.602160,688,log2,1,36,1071,COMPLETE
355,0.9494452190077842,2025-01-04 21:27:13.425354,2025-01-04 21:28:42.975299,0 days 00:01:29.549945,711,log2,1,22,1123,COMPLETE
356,0.9472377134890205,2025-01-04 21:27:19.845752,2025-01-04 21:28:43.949763,0 days 00:01:24.104011,689,log2,2,21,1053,COMPLETE
357,0.9472522365516441,2025-01-04 21:27:27.076306,2025-01-04 21:28:51.959112,0 days 00:01:24.882806,710,log2,1,25,1071,COMPLETE
358,0.9516236784013014,2025-01-04 21:27:45.662792,2025-01-04 21:29:16.847297,0 days 00:01:31.184505,693,log2,2,6,1093,COMPLETE
359,0.6285726734053677,2025-01-04 21:28:02.491102,2025-01-04 21:29:37.932756,0 days 00:01:35.441654,705,log2,455,6,4387,COMPLETE
360,0.6285726734053677,2025-01-04 21:28:02.504369,2025-01-04 21:28:28.967926,0 days 00:00:26.463557,708,log2,271,21,1066,COMPLETE
361,0.6285726734053677,2025-01-04 21:28:08.559004,2025-01-04 21:28:33.149365,0 days 00:00:24.590361,683,log2,303,3,1076,COMPLETE
362,0.9516236784013014,2025-01-04 21:28:12.087389,2025-01-04 21:29:27.242082,0 days 00:01:15.154693,699,log2,1,5,923,COMPLETE
363,0.956009643313582,2025-01-04 21:28:14.990982,2025-01-04 21:29:46.551351,0 days 00:01:31.560369,692,log2,1,3,1118,COMPLETE
364,0.9516382014639246,2025-01-04 21:28:17.544984,2025-01-04 21:29:33.584009,0 days 00:01:16.039025,688,log2,1,8,941,COMPLETE
365,0.6285726734053677,2025-01-04 21:28:19.751170,2025-01-04 21:28:45.112976,0 days 00:00:25.361806,690,log2,295,11,1057,COMPLETE
366,0.9516236784013014,2025-01-04 21:28:28.972925,2025-01-04 21:29:58.384340,0 days 00:01:29.411415,681,log2,2,7,1179,COMPLETE
367,0.9494452190077842,2025-01-04 21:28:32.180887,2025-01-04 21:29:54.453325,0 days 00:01:22.272438,684,log2,1,11,1088,COMPLETE
368,0.9450447310328802,2025-01-04 21:28:33.154365,2025-01-04 21:33:26.661075,0 days 00:04:53.506710,679,log2,1,20,4123,COMPLETE
369,0.6285726734053677,2025-01-04 21:28:36.931632,2025-01-04 21:29:03.301538,0 days 00:00:26.369906,693,log2,459,18,1222,COMPLETE
370,0.9472522365516441,2025-01-04 21:28:42.983302,2025-01-04 21:30:04.358153,0 days 00:01:21.374851,685,log2,1,18,1162,COMPLETE
371,0.9560241663762055,2025-01-04 21:28:43.962290,2025-01-04 21:34:30.548712,0 days 00:05:46.586422,689,log2,1,4,4399,COMPLETE
372,0.9472377134890205,2025-01-04 21:28:45.122190,2025-01-04 21:30:09.947075,0 days 00:01:24.824885,683,log2,3,19,1259,COMPLETE
373,0.9450447310328802,2025-01-04 21:28:51.967179,2025-01-04 21:30:12.156314,0 days 00:01:20.189135,669,log2,2,21,1189,COMPLETE
374,0.9494306959451609,2025-01-04 21:29:03.307091,2025-01-04 21:30:37.609284,0 days 00:01:34.302193,706,log2,2,6,1311,COMPLETE
375,0.9450447310328802,2025-01-04 21:29:07.547344,2025-01-04 21:30:33.693272,0 days 00:01:26.145928,668,log2,1,21,1281,COMPLETE
376,0.9516236784013014,2025-01-04 21:29:16.853330,2025-01-04 21:30:49.252378,0 days 00:01:32.399048,666,log2,1,4,1267,COMPLETE
377,0.9450447310328802,2025-01-04 21:29:24.918250,2025-01-04 21:30:46.362912,0 days 00:01:21.444662,673,log2,1,21,1260,COMPLETE
378,0.9207912164517253,2025-01-04 21:29:27.252151,2025-01-04 21:30:48.102819,0 days 00:01:20.850668,707,log2,22,11,1350,COMPLETE
379,0.9428517485767398,2025-01-04 21:29:31.045199,2025-01-04 21:30:57.798400,0 days 00:01:26.753201,675,log2,8,4,1308,COMPLETE
380,0.9207912164517253,2025-01-04 21:29:33.593210,2025-01-04 21:30:54.277078,0 days 00:01:20.683868,666,log2,20,9,1324,COMPLETE
381,0.9207912164517253,2025-01-04 21:29:37.936387,2025-01-04 21:31:00.072934,0 days 00:01:22.136547,669,log2,22,3,1350,COMPLETE
382,0.9163907284768212,2025-01-04 21:29:44.518251,2025-01-04 21:31:06.040424,0 days 00:01:21.522173,675,log2,23,21,1334,COMPLETE
383,0.9163907284768212,2025-01-04 21:29:46.558855,2025-01-04 21:31:05.021388,0 days 00:01:18.462533,671,log2,22,2,1290,COMPLETE
384,0.9163907284768212,2025-01-04 21:29:47.330263,2025-01-04 21:31:10.012190,0 days 00:01:22.681927,662,log2,22,5,1337,COMPLETE
385,0.9163907284768212,2025-01-04 21:29:54.456179,2025-01-04 21:31:16.995768,0 days 00:01:22.539589,670,log2,22,3,1323,COMPLETE
386,0.9141977460206808,2025-01-04 21:29:58.391595,2025-01-04 21:31:13.976336,0 days 00:01:15.584741,667,log2,22,7,1182,COMPLETE
387,0.9163907284768212,2025-01-04 21:30:04.364211,2025-01-04 21:31:28.601906,0 days 00:01:24.237695,669,log2,21,2,1319,COMPLETE
388,0.9207912164517253,2025-01-04 21:30:09.954084,2025-01-04 21:31:33.512781,0 days 00:01:23.558697,666,log2,21,5,1331,COMPLETE
389,0.9163907284768212,2025-01-04 21:30:12.164314,2025-01-04 21:31:36.694925,0 days 00:01:24.530611,665,log2,22,3,1322,COMPLETE
390,0.9142122690833042,2025-01-04 21:30:27.732019,2025-01-04 21:31:50.815236,0 days 00:01:23.083217,668,log2,25,4,1278,COMPLETE
391,0.9185837109329617,2025-01-04 21:30:33.705756,2025-01-04 21:32:00.422660,0 days 00:01:26.716904,669,log2,21,2,1338,COMPLETE
392,0.9207912164517253,2025-01-04 21:30:37.617377,2025-01-04 21:32:06.507382,0 days 00:01:28.890005,670,log2,22,2,1350,COMPLETE
393,0.9163907284768212,2025-01-04 21:30:39.714011,2025-01-04 21:32:07.372318,0 days 00:01:27.658307,665,log2,22,3,1375,COMPLETE
394,0.6285726734053677,2025-01-04 21:30:42.568073,2025-01-04 21:31:11.146082,0 days 00:00:28.578009,663,log2,168,13,1364,COMPLETE
395,0.9142122690833042,2025-01-04 21:30:46.375462,2025-01-04 21:32:14.987324,0 days 00:01:28.611862,663,log2,25,2,1377,COMPLETE
396,0.9163907284768212,2025-01-04 21:30:48.107620,2025-01-04 21:32:10.418366,0 days 00:01:22.310746,665,log2,22,2,1287,COMPLETE
397,0.9163907284768212,2025-01-04 21:30:49.261426,2025-01-04 21:32:20.321199,0 days 00:01:31.059773,665,log2,22,3,1362,COMPLETE
398,0.9163907284768212,2025-01-04 21:30:51.446115,2025-01-04 21:32:17.707964,0 days 00:01:26.261849,671,log2,22,4,1308,COMPLETE
399,0.9207912164517253,2025-01-04 21:30:54.284121,2025-01-04 21:32:19.021363,0 days 00:01:24.737242,623,log2,21,4,1277,COMPLETE
400,0.9163907284768212,2025-01-04 21:30:57.804903,2025-01-04 21:32:27.281366,0 days 00:01:29.476463,634,log2,22,4,1337,COMPLETE
401,0.9207912164517253,2025-01-04 21:30:58.834328,2025-01-04 21:32:29.219331,0 days 00:01:30.385003,635,log2,22,4,1350,COMPLETE
402,0.925206227489253,2025-01-04 21:30:59.284030,2025-01-04 21:32:24.384412,0 days 00:01:25.100382,659,log2,19,13,1299,COMPLETE
403,0.9296212385267806,2025-01-04 21:31:00.081757,2025-01-04 21:32:22.238425,0 days 00:01:22.156668,624,log2,17,5,1225,COMPLETE
404,0.9384512606018357,2025-01-04 21:31:05.027842,2025-01-04 21:33:00.647977,0 days 00:01:55.620135,617,log2,12,22,1742,COMPLETE
405,0.9384512606018357,2025-01-04 21:31:06.049887,2025-01-04 21:33:05.549132,0 days 00:01:59.499245,639,log2,11,20,1780,COMPLETE
406,0.9384512606018357,2025-01-04 21:31:07.369874,2025-01-04 21:33:02.288106,0 days 00:01:54.918232,631,log2,11,3,1753,COMPLETE
407,0.9384512606018357,2025-01-04 21:31:10.024888,2025-01-04 21:33:03.333483,0 days 00:01:53.308595,655,log2,11,2,1717,COMPLETE
408,0.9406442430579761,2025-01-04 21:31:10.375902,2025-01-04 21:32:31.501301,0 days 00:01:21.125399,616,log2,11,2,1175,COMPLETE
409,0.9384512606018357,2025-01-04 21:31:11.150362,2025-01-04 21:33:01.853324,0 days 00:01:50.702962,641,log2,11,2,1688,COMPLETE
410,0.9384512606018357,2025-01-04 21:31:13.982335,2025-01-04 21:32:36.576381,0 days 00:01:22.594046,632,log2,12,21,1220,COMPLETE
411,0.9384512606018357,2025-01-04 21:31:17.000607,2025-01-04 21:32:38.442566,0 days 00:01:21.441959,645,log2,11,23,1205,COMPLETE
412,0.9384512606018357,2025-01-04 21:31:23.291983,2025-01-04 21:33:19.385132,0 days 00:01:56.093149,702,log2,12,21,1727,COMPLETE
413,0.9384512606018357,2025-01-04 21:31:28.694294,2025-01-04 21:33:25.531003,0 days 00:01:56.836709,632,log2,10,21,1739,COMPLETE
414,0.6285726734053677,2025-01-04 21:31:33.518651,2025-01-04 21:32:12.442526,0 days 00:00:38.923875,628,log2,212,21,1772,COMPLETE
415,0.9384512606018357,2025-01-04 21:31:36.704432,2025-01-04 21:33:39.904672,0 days 00:02:03.200240,611,log2,11,21,1773,COMPLETE
416,0.9384512606018357,2025-01-04 21:31:50.822749,2025-01-04 21:33:46.172835,0 days 00:01:55.350086,696,log2,12,24,1660,COMPLETE
417,0.9384512606018357,2025-01-04 21:32:00.435884,2025-01-04 21:33:59.345669,0 days 00:01:58.909785,627,log2,10,23,1663,COMPLETE
418,0.9384367375392122,2025-01-04 21:32:06.513383,2025-01-04 21:33:20.767025,0 days 00:01:14.253642,608,log2,11,24,1128,COMPLETE
419,0.9384512606018357,2025-01-04 21:32:07.387907,2025-01-04 21:34:10.739155,0 days 00:02:03.351248,637,log2,10,21,1685,COMPLETE
420,0.9384512606018357,2025-01-04 21:32:08.144100,2025-01-04 21:33:22.782314,0 days 00:01:14.638214,623,log2,12,23,1134,COMPLETE
421,0.9362437550830719,2025-01-04 21:32:10.424366,2025-01-04 21:34:17.373663,0 days 00:02:06.949297,626,log2,11,25,1740,COMPLETE
422,0.9384512606018357,2025-01-04 21:32:12.448113,2025-01-04 21:34:10.793294,0 days 00:01:58.345181,624,log2,11,22,1645,COMPLETE
423,0.9384512606018357,2025-01-04 21:32:14.992323,2025-01-04 21:41:52.680089,0 days 00:09:37.687766,637,log2,11,28,8303,COMPLETE
424,0.9384512606018357,2025-01-04 21:32:17.711964,2025-01-04 21:34:23.731875,0 days 00:02:06.019911,627,log2,11,23,1692,COMPLETE
425,0.9362437550830719,2025-01-04 21:32:19.032961,2025-01-04 21:34:26.725727,0 days 00:02:07.692766,694,log2,11,24,1695,COMPLETE
426,0.9362437550830719,2025-01-04 21:32:20.328022,2025-01-04 21:34:25.603361,0 days 00:02:05.275339,699,log2,11,24,1697,COMPLETE
427,0.9384512606018357,2025-01-04 21:32:22.245721,2025-01-04 21:33:37.500724,0 days 00:01:15.255003,698,log2,10,26,1108,COMPLETE
428,0.9362437550830719,2025-01-04 21:32:24.395933,2025-01-04 21:34:45.664156,0 days 00:02:21.268223,694,log2,12,29,1835,COMPLETE
429,0.9384512606018357,2025-01-04 21:32:27.287229,2025-01-04 21:40:46.386105,0 days 00:08:19.098876,694,log2,11,25,6297,COMPLETE
430,0.9362437550830719,2025-01-04 21:32:29.231461,2025-01-04 21:34:45.928642,0 days 00:02:16.697181,697,log2,10,26,1769,COMPLETE
431,0.9384512606018357,2025-01-04 21:32:31.508316,2025-01-04 21:34:39.136757,0 days 00:02:07.628441,697,log2,10,25,1665,COMPLETE
432,0.9362437550830719,2025-01-04 21:32:36.581422,2025-01-04 21:34:56.677494,0 days 00:02:20.096072,696,log2,10,29,1750,COMPLETE
433,0.9362437550830719,2025-01-04 21:32:38.447739,2025-01-04 21:34:59.409897,0 days 00:02:20.962158,700,log2,9,26,1725,COMPLETE
434,0.9384512606018357,2025-01-04 21:33:00.656977,2025-01-04 21:34:19.286731,0 days 00:01:18.629754,696,log2,10,30,978,COMPLETE
435,0.9362437550830719,2025-01-04 21:33:01.857325,2025-01-04 21:34:15.090037,0 days 00:01:13.232712,699,log2,10,27,921,COMPLETE
436,0.9340362495643081,2025-01-04 21:33:02.298107,2025-01-04 21:34:15.298910,0 days 00:01:13.000803,696,log2,9,28,920,COMPLETE
437,0.9384512606018357,2025-01-04 21:33:03.339481,2025-01-04 21:40:32.032104,0 days 00:07:28.692623,695,log2,10,28,5467,COMPLETE
438,0.6285726734053677,2025-01-04 21:33:05.556132,2025-01-04 21:36:58.305681,0 days 00:03:52.749549,696,log2,419,29,8324,COMPLETE
439,0.9384512606018357,2025-01-04 21:33:19.392133,2025-01-04 21:34:54.912103,0 days 00:01:35.519970,693,log2,9,30,1068,COMPLETE
440,0.9362437550830719,2025-01-04 21:33:20.775023,2025-01-04 21:34:41.482793,0 days 00:01:20.707770,693,log2,9,28,930,COMPLETE
441,0.9340362495643081,2025-01-04 21:33:22.792314,2025-01-04 21:34:41.576086,0 days 00:01:18.783772,695,log2,9,29,896,COMPLETE
442,0.9362437550830719,2025-01-04 21:33:25.540040,2025-01-04 21:34:47.943847,0 days 00:01:22.403807,700,log2,9,27,911,COMPLETE
443,0.6285726734053677,2025-01-04 21:33:26.668357,2025-01-04 21:35:47.809599,0 days 00:02:21.141242,696,log2,497,28,4917,COMPLETE
444,0.6285726734053677,2025-01-04 21:33:37.505226,2025-01-04 21:36:46.841735,0 days 00:03:09.336509,696,log2,9,517,6351,COMPLETE
445,0.9384512606018357,2025-01-04 21:33:39.920184,2025-01-04 21:41:01.475002,0 days 00:07:21.554818,696,log2,8,28,5517,COMPLETE
446,0.9450447310328802,2025-01-04 21:33:46.178247,2025-01-04 21:42:23.566836,0 days 00:08:37.388589,696,log2,1,30,8231,COMPLETE
447,0.9384512606018357,2025-01-04 21:33:59.352720,2025-01-04 21:41:14.719678,0 days 00:07:15.366958,695,log2,9,29,5656,COMPLETE
448,0.9362437550830719,2025-01-04 21:34:10.746605,2025-01-04 21:35:44.535252,0 days 00:01:33.788647,694,log2,8,28,903,COMPLETE
449,0.9450447310328802,2025-01-04 21:34:10.804125,2025-01-04 21:35:53.849392,0 days 00:01:43.045267,692,log2,1,31,945,COMPLETE
450,0.9450447310328802,2025-01-04 21:34:15.095038,2025-01-04 21:41:03.763058,0 days 00:06:48.668020,690,log2,1,32,4977,COMPLETE
451,0.9450447310328802,2025-01-04 21:34:15.316188,2025-01-04 21:41:28.472787,0 days 00:07:13.156599,705,log2,1,32,5596,COMPLETE
452,0.9406442430579761,2025-01-04 21:34:17.385273,2025-01-04 21:41:52.437248,0 days 00:07:35.051975,712,log2,3,32,6521,COMPLETE
453,0.6285726734053677,2025-01-04 21:34:19.294734,2025-01-04 21:36:03.504066,0 days 00:01:44.209332,575,log2,1,945,3286,COMPLETE
454,0.9450447310328802,2025-01-04 21:34:23.739996,2025-01-04 21:41:36.762795,0 days 00:07:13.022799,722,log2,1,36,5754,COMPLETE
455,0.6285726734053677,2025-01-04 21:34:25.611371,2025-01-04 21:36:27.174919,0 days 00:02:01.563548,687,log2,2,772,3762,COMPLETE
456,0.6285726734053677,2025-01-04 21:34:26.735847,2025-01-04 21:37:06.987092,0 days 00:02:40.251245,713,log2,1,734,5164,COMPLETE
457,0.9428517485767398,2025-01-04 21:34:30.557729,2025-01-04 21:36:30.094834,0 days 00:01:59.537105,717,log2,1,37,1082,COMPLETE
458,0.9406442430579761,2025-01-04 21:34:39.145055,2025-01-04 21:41:11.961674,0 days 00:06:32.816619,719,log2,2,33,4962,COMPLETE
459,0.9384512606018357,2025-01-04 21:34:41.496063,2025-01-04 21:40:06.200909,0 days 00:05:24.704846,712,log2,2,39,3858,COMPLETE
460,0.9384512606018357,2025-01-04 21:34:41.586865,2025-01-04 21:41:07.667726,0 days 00:06:26.080861,717,log2,2,41,4937,COMPLETE
461,0.6285726734053677,2025-01-04 21:34:45.682730,2025-01-04 21:37:13.530197,0 days 00:02:27.847467,713,log2,436,45,4860,COMPLETE
462,0.6285726734053677,2025-01-04 21:34:45.933642,2025-01-04 21:36:46.513738,0 days 00:02:00.580096,724,log2,500,44,3764,COMPLETE
463,0.9428372255141165,2025-01-04 21:34:47.954179,2025-01-04 21:41:18.304029,0 days 00:06:30.349850,717,log2,1,43,4991,COMPLETE
464,0.9384512606018357,2025-01-04 21:34:54.926701,2025-01-04 21:41:20.074849,0 days 00:06:25.148148,715,log2,2,47,5039,COMPLETE
465,0.6285726734053677,2025-01-04 21:34:56.687095,2025-01-04 21:37:24.256063,0 days 00:02:27.568968,720,log2,331,538,4964,COMPLETE
466,0.6285726734053677,2025-01-04 21:34:59.430624,2025-01-04 21:37:34.385958,0 days 00:02:34.955334,719,log2,424,515,5221,COMPLETE
467,0.9406442430579761,2025-01-04 21:35:44.548896,2025-01-04 21:41:09.137928,0 days 00:05:24.589032,719,log2,1,50,4348,COMPLETE
468,0.6285726734053677,2025-01-04 21:35:47.816104,2025-01-04 21:38:29.144214,0 days 00:02:41.328110,715,log2,1,866,6293,COMPLETE
469,0.9406442430579761,2025-01-04 21:35:53.864905,2025-01-04 21:42:13.066015,0 days 00:06:19.201110,718,log2,1,51,6463,COMPLETE
470,0.9406442430579761,2025-01-04 21:36:03.519899,2025-01-04 21:37:46.067101,0 days 00:01:42.547202,717,log2,2,42,1112,COMPLETE
471,0.9384512606018357,2025-01-04 21:36:27.189286,2025-01-04 21:42:25.052727,0 days 00:05:57.863441,717,log2,2,46,6930,COMPLETE
472,0.9406442430579761,2025-01-04 21:36:30.099982,2025-01-04 21:38:02.097037,0 days 00:01:31.997055,714,log2,3,50,1091,COMPLETE
473,0.9406442430579761,2025-01-04 21:36:46.521164,2025-01-04 21:38:14.299268,0 days 00:01:27.778104,720,log2,2,52,1080,COMPLETE
474,0.9384512606018357,2025-01-04 21:36:46.847746,2025-01-04 21:41:58.181323,0 days 00:05:11.333577,717,log2,2,48,5281,COMPLETE
475,0.6285726734053677,2025-01-04 21:36:58.313188,2025-01-04 21:37:26.218132,0 days 00:00:27.904944,720,log2,338,49,1109,COMPLETE
476,0.9450447310328802,2025-01-04 21:37:06.992093,2025-01-04 21:38:31.256659,0 days 00:01:24.264566,724,log2,1,54,1092,COMPLETE
477,0.9428517485767398,2025-01-04 21:37:13.538707,2025-01-04 21:38:34.649876,0 days 00:01:21.111169,720,log2,1,47,1070,COMPLETE
478,0.9406442430579761,2025-01-04 21:37:24.265008,2025-01-04 21:42:12.677894,0 days 00:04:48.412886,727,log2,1,44,5446,COMPLETE
479,0.9428372255141163,2025-01-04 21:37:26.232655,2025-01-04 21:39:11.811821,0 days 00:01:45.579166,721,log2,2,48,1483,COMPLETE
480,0.6285726734053677,2025-01-04 21:37:34.391968,2025-01-04 21:37:58.695821,0 days 00:00:24.303853,719,log2,369,47,1096,COMPLETE
481,0.9406442430579761,2025-01-04 21:37:46.072198,2025-01-04 21:39:32.424818,0 days 00:01:46.352620,680,log2,1,46,1532,COMPLETE
482,0.9406442430579761,2025-01-04 21:37:58.700904,2025-01-04 21:42:17.909285,0 days 00:04:19.208381,679,log2,1,49,5379,COMPLETE
483,0.9450447310328802,2025-01-04 21:38:02.101086,2025-01-04 21:42:27.783760,0 days 00:04:25.682674,681,log2,1,19,5904,COMPLETE
484,0.9450447310328802,2025-01-04 21:38:14.304270,2025-01-04 21:42:29.057752,0 days 00:04:14.753482,678,log2,1,19,5821,COMPLETE
485,0.9164197746020681,2025-01-04 21:38:29.151866,2025-01-04 21:40:01.179908,0 days 00:01:32.028042,648,log2,29,18,1483,COMPLETE
486,0.6285726734053677,2025-01-04 21:38:31.264165,2025-01-04 21:38:58.959684,0 days 00:00:27.695519,679,log2,27,813,1491,COMPLETE
487,0.9186127570582084,2025-01-04 21:38:34.655027,2025-01-04 21:40:04.272193,0 days 00:01:29.617166,679,log2,30,19,1465,COMPLETE
488,0.6285726734053677,2025-01-04 21:38:58.966794,2025-01-04 21:39:16.052065,0 days 00:00:17.085271,652,log2,481,2,845,COMPLETE
489,0.925206227489253,2025-01-04 21:39:11.816701,2025-01-04 21:40:06.626736,0 days 00:00:54.810035,678,log2,19,22,816,COMPLETE
490,0.9274137330080167,2025-01-04 21:39:16.062156,2025-01-04 21:40:17.687292,0 days 00:01:01.625136,681,log2,18,24,929,COMPLETE
491,0.9142267921459277,2025-01-04 21:39:32.431049,2025-01-04 21:40:27.304855,0 days 00:00:54.873806,649,log2,30,18,837,COMPLETE
492,0.6285726734053677,2025-01-04 21:40:01.186917,2025-01-04 21:40:20.515188,0 days 00:00:19.328271,682,log2,265,840,943,COMPLETE
493,0.925206227489253,2025-01-04 21:40:04.278696,2025-01-04 21:41:00.608691,0 days 00:00:56.329995,678,log2,19,19,917,COMPLETE
494,0.6285726734053677,2025-01-04 21:40:06.206096,2025-01-04 21:40:25.650745,0 days 00:00:19.444649,680,log2,18,899,899,COMPLETE
495,0.925206227489253,2025-01-04 21:40:06.633019,2025-01-04 21:40:56.810727,0 days 00:00:50.177708,652,log2,19,18,828,COMPLETE
496,0.925206227489253,2025-01-04 21:40:17.696680,2025-01-04 21:42:35.354773,0 days 00:02:17.658093,647,log2,19,2,5545,COMPLETE
497,0.925206227489253,2025-01-04 21:40:20.525197,2025-01-04 21:42:40.018693,0 days 00:02:19.493496,680,log2,19,18,6933,COMPLETE
498,0.9274137330080167,2025-01-04 21:40:25.657759,2025-01-04 21:42:40.596000,0 days 00:02:14.938241,651,log2,18,2,7176,COMPLETE
499,0.9296357615894039,2025-01-04 21:40:27.313965,2025-01-04 21:41:27.567792,0 days 00:01:00.253827,647,,15,17,1219,COMPLETE
